ROW,COL,geom,Northeast,Midwest,South,West
1,19,"POLYGON ((-83.75 22.73695, -83.75 24.63165, -81.25 24.63165, -81.25 22.73695, -83.75 22.73695))",0.0,0.0,1.0,0.0
2,12,"POLYGON ((-101.25 24.63165, -101.25 26.52635, -98.75 26.52635, -98.75 24.63165, -101.25 24.63165))",0.0,0.0,1.0,0.0
2,13,"POLYGON ((-98.75 24.63165, -98.75 26.52635, -96.25 26.52635, -96.25 24.63165, -98.75 24.63165))",0.0,0.0,1.0,0.0
2,19,"POLYGON ((-83.75 24.63165, -83.75 26.52635, -81.25 26.52635, -81.25 24.63165, -83.75 24.63165))",0.0,0.0,1.0,0.0
2,20,"POLYGON ((-81.25 24.63165, -81.25 26.52635, -78.75 26.52635, -78.75 24.63165, -81.25 24.63165))",0.0,0.0,1.0,0.0
3,12,"POLYGON ((-101.25 26.52635, -101.25 28.42105, -98.75 28.42105, -98.75 26.52635, -101.25 26.52635))",0.0,0.0,1.0,0.0
3,13,"POLYGON ((-98.75 26.52635, -98.75 28.42105, -96.25 28.42105, -96.25 26.52635, -98.75 26.52635))",0.0,0.0,1.0,0.0
3,19,"POLYGON ((-83.75 26.52635, -83.75 28.42105, -81.25 28.42105, -81.25 26.52635, -83.75 26.52635))",0.0,0.0,1.0,0.0
3,20,"POLYGON ((-81.25 26.52635, -81.25 28.42105, -78.75 28.42105, -78.75 26.52635, -81.25 26.52635))",0.0,0.0,1.0,0.0
4,10,"POLYGON ((-106.25 28.42115, -106.25 30.31585, -103.75 30.31585, -103.75 28.42115, -106.25 28.42115))",0.0,0.0,1.0,0.0
4,11,"POLYGON ((-103.75 28.42115, -103.75 30.31585, -101.25 30.31585, -101.25 28.42115, -103.75 28.42115))",0.0,0.0,1.0,0.0
4,12,"POLYGON ((-101.25 28.42115, -101.25 30.31585, -98.75 30.31585, -98.75 28.42115, -101.25 28.42115))",0.0,0.0,1.0,0.0
4,13,"POLYGON ((-98.75 28.42115, -98.75 30.31585, -96.25 30.31585, -96.25 28.42115, -98.75 28.42115))",0.0,0.0,1.0,0.0
4,14,"POLYGON ((-96.25 28.42115, -96.25 30.31585, -93.75 30.31585, -93.75 28.42115, -96.25 28.42115))",0.0,0.0,1.0,0.0
4,15,"POLYGON ((-93.75 28.42115, -93.75 30.31585, -91.25 30.31585, -91.25 28.42115, -93.75 28.42115))",0.0,0.0,1.0,0.0
4,16,"POLYGON ((-91.25 28.42115, -91.25 30.31585, -88.75 30.31585, -88.75 28.42115, -91.25 28.42115))",0.0,0.0,1.0,0.0
4,17,"POLYGON ((-88.75 28.42115, -88.75 30.31585, -86.25 30.31585, -86.25 28.42115, -88.75 28.42115))",0.0,0.0,1.0,0.0
4,18,"POLYGON ((-86.25 28.42115, -86.25 30.31585, -83.75 30.31585, -83.75 28.42115, -86.25 28.42115))",0.0,0.0,1.0,0.0
4,19,"POLYGON ((-83.75 28.42115, -83.75 30.31585, -81.25 30.31585, -81.25 28.42115, -83.75 28.42115))",0.0,0.0,1.0,0.0
4,20,"POLYGON ((-81.25 28.42115, -81.25 30.31585, -78.75 30.31585, -78.75 28.42115, -81.25 28.42115))",0.0,0.0,1.0,0.0
5,7,"POLYGON ((-113.75 30.31585, -113.75 32.21055, -111.25 32.21055, -111.25 30.31585, -113.75 30.31585))",0.0,0.0,0.0,1.0
5,8,"POLYGON ((-111.25 30.31585, -111.25 32.21055, -108.75 32.21055, -108.75 30.31585, -111.25 30.31585))",0.0,0.0,0.0,1.0
5,9,"POLYGON ((-108.75 30.31585, -108.75 32.21055, -106.25 32.21055, -106.25 30.31585, -108.75 30.31585))",0.0,0.0,0.6741375169906001,0.3258624830093999
5,10,"POLYGON ((-106.25 30.31585, -106.25 32.21055, -103.75 32.21055, -103.75 30.31585, -106.25 30.31585))",0.0,0.0,0.6741375169906001,0.3258624830093999
5,11,"POLYGON ((-103.75 30.31585, -103.75 32.21055, -101.25 32.21055, -101.25 30.31585, -103.75 30.31585))",0.0,0.0,0.6741375169906001,0.3258624830093999
5,12,"POLYGON ((-101.25 30.31585, -101.25 32.21055, -98.75 32.21055, -98.75 30.31585, -101.25 30.31585))",0.0,0.0,1.0,0.0
5,13,"POLYGON ((-98.75 30.31585, -98.75 32.21055, -96.25 32.21055, -96.25 30.31585, -98.75 30.31585))",0.0,0.0,1.0,0.0
5,14,"POLYGON ((-96.25 30.31585, -96.25 32.21055, -93.75 32.21055, -93.75 30.31585, -96.25 30.31585))",0.0,0.0,1.0,0.0
5,15,"POLYGON ((-93.75 30.31585, -93.75 32.21055, -91.25 32.21055, -91.25 30.31585, -93.75 30.31585))",0.0,0.0,1.0,0.0
5,16,"POLYGON ((-91.25 30.31585, -91.25 32.21055, -88.75 32.21055, -88.75 30.31585, -91.25 30.31585))",0.0,0.0,1.0,0.0
5,17,"POLYGON ((-88.75 30.31585, -88.75 32.21055, -86.25 32.21055, -86.25 30.31585, -88.75 30.31585))",0.0,0.0,1.0,0.0
5,18,"POLYGON ((-86.25 30.31585, -86.25 32.21055, -83.75 32.21055, -83.75 30.31585, -86.25 30.31585))",0.0,0.0,1.0,0.0
5,19,"POLYGON ((-83.75 30.31585, -83.75 32.21055, -81.25 32.21055, -81.25 30.31585, -83.75 30.31585))",0.0,0.0,1.0,0.0
5,20,"POLYGON ((-81.25 30.31585, -81.25 32.21055, -78.75 32.21055, -78.75 30.31585, -81.25 30.31585))",0.0,0.0,1.0,0.0
6,4,"POLYGON ((-121.25 32.21055, -121.25 34.10525, -118.75 34.10525, -118.75 32.21055, -121.25 32.21055))",0.0,0.0,0.0,1.0
6,5,"POLYGON ((-118.75 32.21055, -118.75 34.10525, -116.25 34.10525, -116.25 32.21055, -118.75 32.21055))",0.0,0.0,0.0,1.0
6,6,"POLYGON ((-116.25 32.21055, -116.25 34.10525, -113.75 34.10525, -113.75 32.21055, -116.25 32.21055))",0.0,0.0,0.0,1.0
6,7,"POLYGON ((-113.75 32.21055, -113.75 34.10525, -111.25 34.10525, -111.25 32.21055, -113.75 32.21055))",0.0,0.0,0.0,1.0
6,8,"POLYGON ((-111.25 32.21055, -111.25 34.10525, -108.75 34.10525, -108.75 32.21055, -111.25 32.21055))",0.0,0.0,0.0,1.0
6,9,"POLYGON ((-108.75 32.21055, -108.75 34.10525, -106.25 34.10525, -106.25 32.21055, -108.75 32.21055))",0.0,0.0,0.0,1.0
6,10,"POLYGON ((-106.25 32.21055, -106.25 34.10525, -103.75 34.10525, -103.75 32.21055, -106.25 32.21055))",0.0,0.0,0.0,1.0
6,11,"POLYGON ((-103.75 32.21055, -103.75 34.10525, -101.25 34.10525, -101.25 32.21055, -103.75 32.21055))",0.0,0.0,0.6741375169906001,0.3258624830093999
6,12,"POLYGON ((-101.25 32.21055, -101.25 34.10525, -98.75 34.10525, -98.75 32.21055, -101.25 32.21055))",0.0,0.0,1.0,0.0
6,13,"POLYGON ((-98.75 32.21055, -98.75 34.10525, -96.25 34.10525, -96.25 32.21055, -98.75 32.21055))",0.0,0.0,1.0,0.0
6,14,"POLYGON ((-96.25 32.21055, -96.25 34.10525, -93.75 34.10525, -93.75 32.21055, -96.25 32.21055))",0.0,0.0,1.0,0.0
6,15,"POLYGON ((-93.75 32.21055, -93.75 34.10525, -91.25 34.10525, -91.25 32.21055, -93.75 32.21055))",0.0,0.0,1.0,0.0
6,16,"POLYGON ((-91.25 32.21055, -91.25 34.10525, -88.75 34.10525, -88.75 32.21055, -91.25 32.21055))",0.0,0.0,1.0,0.0
6,17,"POLYGON ((-88.75 32.21055, -88.75 34.10525, -86.25 34.10525, -86.25 32.21055, -88.75 32.21055))",0.0,0.0,1.0,0.0
6,18,"POLYGON ((-86.25 32.21055, -86.25 34.10525, -83.75 34.10525, -83.75 32.21055, -86.25 32.21055))",0.0,0.0,1.0,0.0
6,19,"POLYGON ((-83.75 32.21055, -83.75 34.10525, -81.25 34.10525, -81.25 32.21055, -83.75 32.21055))",0.0,0.0,1.0,0.0
6,20,"POLYGON ((-81.25 32.21055, -81.25 34.10525, -78.75 34.10525, -78.75 32.21055, -81.25 32.21055))",0.0,0.0,1.0,0.0
6,21,"POLYGON ((-78.75 32.21055, -78.75 34.10525, -76.25 34.10525, -76.25 32.21055, -78.75 32.21055))",0.0,0.0,1.0,0.0
7,3,"POLYGON ((-123.75 34.10535, -123.75 36.00005, -121.25 36.00005, -121.25 34.10535, -123.75 34.10535))",0.0,0.0,0.0,1.0
7,4,"POLYGON ((-121.25 34.10535, -121.25 36.00005, -118.75 36.00005, -118.75 34.10535, -121.25 34.10535))",0.0,0.0,0.0,1.0
7,5,"POLYGON ((-118.75 34.10535, -118.75 36.00005, -116.25 36.00005, -116.25 34.10535, -118.75 34.10535))",0.0,0.0,0.0,1.0
7,6,"POLYGON ((-116.25 34.10535, -116.25 36.00005, -113.75 36.00005, -113.75 34.10535, -116.25 34.10535))",0.0,0.0,0.0,1.0
7,7,"POLYGON ((-113.75 34.10535, -113.75 36.00005, -111.25 36.00005, -111.25 34.10535, -113.75 34.10535))",0.0,0.0,0.0,1.0
7,8,"POLYGON ((-111.25 34.10535, -111.25 36.00005, -108.75 36.00005, -108.75 34.10535, -111.25 34.10535))",0.0,0.0,0.0,1.0
7,9,"POLYGON ((-108.75 34.10535, -108.75 36.00005, -106.25 36.00005, -106.25 34.10535, -108.75 34.10535))",0.0,0.0,0.0,1.0
7,10,"POLYGON ((-106.25 34.10535, -106.25 36.00005, -103.75 36.00005, -103.75 34.10535, -106.25 34.10535))",0.0,0.0,0.0,1.0
7,11,"POLYGON ((-103.75 34.10535, -103.75 36.00005, -101.25 36.00005, -101.25 34.10535, -103.75 34.10535))",0.0,0.0,0.6741375169906001,0.3258624830093999
7,12,"POLYGON ((-101.25 34.10535, -101.25 36.00005, -98.75 36.00005, -98.75 34.10535, -101.25 34.10535))",0.0,0.0,1.0,0.0
7,13,"POLYGON ((-98.75 34.10535, -98.75 36.00005, -96.25 36.00005, -96.25 34.10535, -98.75 34.10535))",0.0,0.0,1.0,0.0
7,14,"POLYGON ((-96.25 34.10535, -96.25 36.00005, -93.75 36.00005, -93.75 34.10535, -96.25 34.10535))",0.0,0.0,1.0,0.0
7,15,"POLYGON ((-93.75 34.10535, -93.75 36.00005, -91.25 36.00005, -91.25 34.10535, -93.75 34.10535))",0.0,0.0,1.0,0.0
7,16,"POLYGON ((-91.25 34.10535, -91.25 36.00005, -88.75 36.00005, -88.75 34.10535, -91.25 34.10535))",0.0,0.34876627513008784,0.6512337248699122,0.0
7,17,"POLYGON ((-88.75 34.10535, -88.75 36.00005, -86.25 36.00005, -86.25 34.10535, -88.75 34.10535))",0.0,0.0,1.0,0.0
7,18,"POLYGON ((-86.25 34.10535, -86.25 36.00005, -83.75 36.00005, -83.75 34.10535, -86.25 34.10535))",0.0,0.0,1.0,0.0
7,19,"POLYGON ((-83.75 34.10535, -83.75 36.00005, -81.25 36.00005, -81.25 34.10535, -83.75 34.10535))",0.0,0.0,1.0,0.0
7,20,"POLYGON ((-81.25 34.10535, -81.25 36.00005, -78.75 36.00005, -78.75 34.10535, -81.25 34.10535))",0.0,0.0,1.0,0.0
7,21,"POLYGON ((-78.75 34.10535, -78.75 36.00005, -76.25 36.00005, -76.25 34.10535, -78.75 34.10535))",0.0,0.0,1.0,0.0
7,22,"POLYGON ((-76.25 34.10535, -76.25 36.00005, -73.75 36.00005, -73.75 34.10535, -76.25 34.10535))",0.0,0.0,1.0,0.0
8,3,"POLYGON ((-123.75 36.00005, -123.75 37.89475, -121.25 37.89475, -121.25 36.00005, -123.75 36.00005))",0.0,0.0,0.0,1.0
8,4,"POLYGON ((-121.25 36.00005, -121.25 37.89475, -118.75 37.89475, -118.75 36.00005, -121.25 36.00005))",0.0,0.0,0.0,1.0
8,5,"POLYGON ((-118.75 36.00005, -118.75 37.89475, -116.25 37.89475, -116.25 36.00005, -118.75 36.00005))",0.0,0.0,0.0,1.0
8,6,"POLYGON ((-116.25 36.00005, -116.25 37.89475, -113.75 37.89475, -113.75 36.00005, -116.25 36.00005))",0.0,0.0,0.0,1.0
8,7,"POLYGON ((-113.75 36.00005, -113.75 37.89475, -111.25 37.89475, -111.25 36.00005, -113.75 36.00005))",0.0,0.0,0.0,1.0
8,8,"POLYGON ((-111.25 36.00005, -111.25 37.89475, -108.75 37.89475, -108.75 36.00005, -111.25 36.00005))",0.0,0.0,0.0,1.0
8,9,"POLYGON ((-108.75 36.00005, -108.75 37.89475, -106.25 37.89475, -106.25 36.00005, -108.75 36.00005))",0.0,0.0,0.0,1.0
8,10,"POLYGON ((-106.25 36.00005, -106.25 37.89475, -103.75 37.89475, -103.75 36.00005, -106.25 36.00005))",0.0,0.0,0.0,1.0
8,11,"POLYGON ((-103.75 36.00005, -103.75 37.89475, -101.25 37.89475, -101.25 36.00005, -103.75 36.00005))",0.0,0.13964082644162695,0.4949907454335849,0.36536842812478815
8,12,"POLYGON ((-101.25 36.00005, -101.25 37.89475, -98.75 37.89475, -98.75 36.00005, -101.25 36.00005))",0.0,0.22003447768760653,0.7799655223123935,0.0
8,13,"POLYGON ((-98.75 36.00005, -98.75 37.89475, -96.25 37.89475, -96.25 36.00005, -98.75 36.00005))",0.0,0.5594233288803423,0.44057667111965776,0.0
8,14,"POLYGON ((-96.25 36.00005, -96.25 37.89475, -93.75 37.89475, -93.75 36.00005, -96.25 36.00005))",0.0,0.5726302293213974,0.4273697706786026,0.0
8,15,"POLYGON ((-93.75 36.00005, -93.75 37.89475, -91.25 37.89475, -91.25 36.00005, -93.75 36.00005))",0.0,0.5890926408377481,0.41090735916225185,0.0
8,16,"POLYGON ((-91.25 36.00005, -91.25 37.89475, -88.75 37.89475, -88.75 36.00005, -91.25 36.00005))",0.0,0.5059333068707693,0.4940666931292306,0.0
8,17,"POLYGON ((-88.75 36.00005, -88.75 37.89475, -86.25 37.89475, -86.25 36.00005, -88.75 36.00005))",0.0,0.556296357775921,0.44370364222407904,0.0
8,18,"POLYGON ((-86.25 36.00005, -86.25 37.89475, -83.75 37.89475, -83.75 36.00005, -86.25 36.00005))",0.0,0.0,1.0,0.0
8,19,"POLYGON ((-83.75 36.00005, -83.75 37.89475, -81.25 37.89475, -81.25 36.00005, -83.75 36.00005))",0.0,0.0,1.0,0.0
8,20,"POLYGON ((-81.25 36.00005, -81.25 37.89475, -78.75 37.89475, -78.75 36.00005, -81.25 36.00005))",0.0,0.0,1.0,0.0
8,21,"POLYGON ((-78.75 36.00005, -78.75 37.89475, -76.25 37.89475, -76.25 36.00005, -78.75 36.00005))",0.0,0.0,1.0,0.0
8,22,"POLYGON ((-76.25 36.00005, -76.25 37.89475, -73.75 37.89475, -73.75 36.00005, -76.25 36.00005))",0.0,0.0,1.0,0.0
9,2,"POLYGON ((-126.25 37.89475, -126.25 39.78945, -123.75 39.78945, -123.75 37.89475, -126.25 37.89475))",0.0,0.0,0.0,1.0
9,3,"POLYGON ((-123.75 37.89475, -123.75 39.78945, -121.25 39.78945, -121.25 37.89475, -123.75 37.89475))",0.0,0.0,0.0,1.0
9,4,"POLYGON ((-121.25 37.89475, -121.25 39.78945, -118.75 39.78945, -118.75 37.89475, -121.25 37.89475))",0.0,0.0,0.0,1.0
9,5,"POLYGON ((-118.75 37.89475, -118.75 39.78945, -116.25 39.78945, -116.25 37.89475, -118.75 37.89475))",0.0,0.0,0.0,1.0
9,6,"POLYGON ((-116.25 37.89475, -116.25 39.78945, -113.75 39.78945, -113.75 37.89475, -116.25 37.89475))",0.0,0.0,0.0,1.0
9,7,"POLYGON ((-113.75 37.89475, -113.75 39.78945, -111.25 39.78945, -111.25 37.89475, -113.75 37.89475))",0.0,0.0,0.0,1.0
9,8,"POLYGON ((-111.25 37.89475, -111.25 39.78945, -108.75 39.78945, -108.75 37.89475, -111.25 37.89475))",0.0,0.0,0.0,1.0
9,9,"POLYGON ((-108.75 37.89475, -108.75 39.78945, -106.25 39.78945, -106.25 37.89475, -108.75 37.89475))",0.0,0.0,0.0,1.0
9,10,"POLYGON ((-106.25 37.89475, -106.25 39.78945, -103.75 39.78945, -103.75 37.89475, -106.25 37.89475))",0.0,0.0,0.0,1.0
9,11,"POLYGON ((-103.75 37.89475, -103.75 39.78945, -101.25 39.78945, -101.25 37.89475, -103.75 37.89475))",0.0,0.4378807853477044,0.0,0.5621192146522955
9,12,"POLYGON ((-101.25 37.89475, -101.25 39.78945, -98.75 39.78945, -98.75 37.89475, -101.25 37.89475))",0.0,1.0,0.0,0.0
9,13,"POLYGON ((-98.75 37.89475, -98.75 39.78945, -96.25 39.78945, -96.25 37.89475, -98.75 37.89475))",0.0,1.0,0.0,0.0
9,14,"POLYGON ((-96.25 37.89475, -96.25 39.78945, -93.75 39.78945, -93.75 37.89475, -96.25 37.89475))",0.0,1.0,0.0,0.0
9,15,"POLYGON ((-93.75 37.89475, -93.75 39.78945, -91.25 39.78945, -91.25 37.89475, -93.75 37.89475))",0.0,1.0,0.0,0.0
9,16,"POLYGON ((-91.25 37.89475, -91.25 39.78945, -88.75 39.78945, -88.75 37.89475, -91.25 37.89475))",0.0,1.0,0.0,0.0
9,17,"POLYGON ((-88.75 37.89475, -88.75 39.78945, -86.25 39.78945, -86.25 37.89475, -88.75 37.89475))",0.0,0.7147547033662872,0.28524529663371284,0.0
9,18,"POLYGON ((-86.25 37.89475, -86.25 39.78945, -83.75 39.78945, -83.75 37.89475, -86.25 37.89475))",0.0,0.6842247514903418,0.3157752485096582,0.0
9,19,"POLYGON ((-83.75 37.89475, -83.75 39.78945, -81.25 39.78945, -81.25 37.89475, -83.75 37.89475))",0.0,0.42646217375524414,0.5735378262447559,0.0
9,20,"POLYGON ((-81.25 37.89475, -81.25 39.78945, -78.75 39.78945, -78.75 37.89475, -81.25 37.89475))",0.28159061151348685,0.27023202916371497,0.4481773593227982,0.0
9,21,"POLYGON ((-78.75 37.89475, -78.75 39.78945, -76.25 39.78945, -76.25 37.89475, -78.75 37.89475))",0.3856548194843076,0.0,0.6143451805156924,0.0
9,22,"POLYGON ((-76.25 37.89475, -76.25 39.78945, -73.75 39.78945, -73.75 37.89475, -76.25 37.89475))",0.5075642623070384,0.0,0.49243573769296156,0.0
10,2,"POLYGON ((-126.25 39.78955, -126.25 41.68425, -123.75 41.68425, -123.75 39.78955, -126.25 39.78955))",0.0,0.0,0.0,1.0
10,3,"POLYGON ((-123.75 39.78955, -123.75 41.68425, -121.25 41.68425, -121.25 39.78955, -123.75 39.78955))",0.0,0.0,0.0,1.0
10,4,"POLYGON ((-121.25 39.78955, -121.25 41.68425, -118.75 41.68425, -118.75 39.78955, -121.25 39.78955))",0.0,0.0,0.0,1.0
10,5,"POLYGON ((-118.75 39.78955, -118.75 41.68425, -116.25 41.68425, -116.25 39.78955, -118.75 39.78955))",0.0,0.0,0.0,1.0
10,6,"POLYGON ((-116.25 39.78955, -116.25 41.68425, -113.75 41.68425, -113.75 39.78955, -116.25 39.78955))",0.0,0.0,0.0,1.0
10,7,"POLYGON ((-113.75 39.78955, -113.75 41.68425, -111.25 41.68425, -111.25 39.78955, -113.75 39.78955))",0.0,0.0,0.0,1.0
10,8,"POLYGON ((-111.25 39.78955, -111.25 41.68425, -108.75 41.68425, -108.75 39.78955, -111.25 39.78955))",0.0,0.0,0.0,1.0
10,9,"POLYGON ((-108.75 39.78955, -108.75 41.68425, -106.25 41.68425, -106.25 39.78955, -108.75 39.78955))",0.0,0.0,0.0,1.0
10,10,"POLYGON ((-106.25 39.78955, -106.25 41.68425, -103.75 41.68425, -103.75 39.78955, -106.25 39.78955))",0.0,0.279716288605537,0.0,0.720283711394463
10,11,"POLYGON ((-103.75 39.78955, -103.75 41.68425, -101.25 41.68425, -101.25 39.78955, -103.75 39.78955))",0.0,0.6122565060507742,0.0,0.38774349394922575
10,12,"POLYGON ((-101.25 39.78955, -101.25 41.68425, -98.75 41.68425, -98.75 39.78955, -101.25 39.78955))",0.0,1.0,0.0,0.0
10,13,"POLYGON ((-98.75 39.78955, -98.75 41.68425, -96.25 41.68425, -96.25 39.78955, -98.75 39.78955))",0.0,1.0,0.0,0.0
10,14,"POLYGON ((-96.25 39.78955, -96.25 41.68425, -93.75 41.68425, -93.75 39.78955, -96.25 39.78955))",0.0,1.0,0.0,0.0
10,15,"POLYGON ((-93.75 39.78955, -93.75 41.68425, -91.25 41.68425, -91.25 39.78955, -93.75 39.78955))",0.0,1.0,0.0,0.0
10,16,"POLYGON ((-91.25 39.78955, -91.25 41.68425, -88.75 41.68425, -88.75 39.78955, -91.25 39.78955))",0.0,1.0,0.0,0.0
10,17,"POLYGON ((-88.75 39.78955, -88.75 41.68425, -86.25 41.68425, -86.25 39.78955, -88.75 39.78955))",0.0,1.0,0.0,0.0
10,18,"POLYGON ((-86.25 39.78955, -86.25 41.68425, -83.75 41.68425, -83.75 39.78955, -86.25 39.78955))",0.0,1.0,0.0,0.0
10,19,"POLYGON ((-83.75 39.78955, -83.75 41.68425, -81.25 41.68425, -81.25 39.78955, -83.75 39.78955))",0.0,1.0,0.0,0.0
10,20,"POLYGON ((-81.25 39.78955, -81.25 41.68425, -78.75 41.68425, -78.75 39.78955, -81.25 39.78955))",0.4077187190997445,0.391272479569432,0.20100880133082355,0.0
10,21,"POLYGON ((-78.75 39.78955, -78.75 41.68425, -76.25 41.68425, -76.25 39.78955, -78.75 39.78955))",1.0,0.0,0.0,0.0
10,22,"POLYGON ((-76.25 39.78955, -76.25 41.68425, -73.75 41.68425, -73.75 39.78955, -76.25 39.78955))",0.9795328515505346,0.0,0.020467148449465476,0.0
10,23,"POLYGON ((-73.75 39.78955, -73.75 41.68425, -71.25 41.68425, -71.25 39.78955, -73.75 39.78955))",1.0,0.0,0.0,0.0
10,24,"POLYGON ((-71.25 39.78955, -71.25 41.68425, -68.75 41.68425, -68.75 39.78955, -71.25 39.78955))",1.0,0.0,0.0,0.0
11,2,"POLYGON ((-126.25 41.68425, -126.25 43.57895, -123.75 43.57895, -123.75 41.68425, -126.25 41.68425))",0.0,0.0,0.0,1.0
11,3,"POLYGON ((-123.75 41.68425, -123.75 43.57895, -121.25 43.57895, -121.25 41.68425, -123.75 41.68425))",0.0,0.0,0.0,1.0
11,4,"POLYGON ((-121.25 41.68425, -121.25 43.57895, -118.75 43.57895, -118.75 41.68425, -121.25 41.68425))",0.0,0.0,0.0,1.0
11,5,"POLYGON ((-118.75 41.68425, -118.75 43.57895, -116.25 43.57895, -116.25 41.68425, -118.75 41.68425))",0.0,0.0,0.0,1.0
11,6,"POLYGON ((-116.25 41.68425, -116.25 43.57895, -113.75 43.57895, -113.75 41.68425, -116.25 41.68425))",0.0,0.0,0.0,1.0
11,7,"POLYGON ((-113.75 41.68425, -113.75 43.57895, -111.25 43.57895, -111.25 41.68425, -113.75 41.68425))",0.0,0.0,0.0,1.0
11,8,"POLYGON ((-111.25 41.68425, -111.25 43.57895, -108.75 43.57895, -108.75 41.68425, -111.25 41.68425))",0.0,0.0,0.0,1.0
11,9,"POLYGON ((-108.75 41.68425, -108.75 43.57895, -106.25 43.57895, -106.25 41.68425, -108.75 41.68425))",0.0,0.0,0.0,1.0
11,10,"POLYGON ((-106.25 41.68425, -106.25 43.57895, -103.75 43.57895, -103.75 41.68425, -106.25 41.68425))",0.0,0.6125896352248679,0.0,0.3874103647751322
11,11,"POLYGON ((-103.75 41.68425, -103.75 43.57895, -101.25 43.57895, -101.25 41.68425, -103.75 41.68425))",0.0,1.0,0.0,0.0
11,12,"POLYGON ((-101.25 41.68425, -101.25 43.57895, -98.75 43.57895, -98.75 41.68425, -101.25 41.68425))",0.0,1.0,0.0,0.0
11,13,"POLYGON ((-98.75 41.68425, -98.75 43.57895, -96.25 43.57895, -96.25 41.68425, -98.75 41.68425))",0.0,1.0,0.0,0.0
11,14,"POLYGON ((-96.25 41.68425, -96.25 43.57895, -93.75 43.57895, -93.75 41.68425, -96.25 41.68425))",0.0,1.0,0.0,0.0
11,15,"POLYGON ((-93.75 41.68425, -93.75 43.57895, -91.25 43.57895, -91.25 41.68425, -93.75 41.68425))",0.0,1.0,0.0,0.0
11,16,"POLYGON ((-91.25 41.68425, -91.25 43.57895, -88.75 43.57895, -88.75 41.68425, -91.25 41.68425))",0.0,1.0,0.0,0.0
11,17,"POLYGON ((-88.75 41.68425, -88.75 43.57895, -86.25 43.57895, -86.25 41.68425, -88.75 41.68425))",0.0,1.0,0.0,0.0
11,18,"POLYGON ((-86.25 41.68425, -86.25 43.57895, -83.75 43.57895, -83.75 41.68425, -86.25 41.68425))",0.0,1.0,0.0,0.0
11,19,"POLYGON ((-83.75 41.68425, -83.75 43.57895, -81.25 43.57895, -81.25 41.68425, -83.75 41.68425))",0.0,1.0,0.0,0.0
11,20,"POLYGON ((-81.25 41.68425, -81.25 43.57895, -78.75 43.57895, -78.75 41.68425, -81.25 41.68425))",0.7021191465978746,0.2978808534021254,0.0,0.0
11,21,"POLYGON ((-78.75 41.68425, -78.75 43.57895, -76.25 43.57895, -76.25 41.68425, -78.75 41.68425))",1.0,0.0,0.0,0.0
11,22,"POLYGON ((-76.25 41.68425, -76.25 43.57895, -73.75 43.57895, -73.75 41.68425, -76.25 41.68425))",1.0,0.0,0.0,0.0
11,23,"POLYGON ((-73.75 41.68425, -73.75 43.57895, -71.25 43.57895, -71.25 41.68425, -73.75 41.68425))",1.0,0.0,0.0,0.0
11,24,"POLYGON ((-71.25 41.68425, -71.25 43.57895, -68.75 43.57895, -68.75 41.68425, -71.25 41.68425))",1.0,0.0,0.0,0.0
12,2,"POLYGON ((-126.25 43.57895, -126.25 45.47365, -123.75 45.47365, -123.75 43.57895, -126.25 43.57895))",0.0,0.0,0.0,1.0
12,3,"POLYGON ((-123.75 43.57895, -123.75 45.47365, -121.25 45.47365, -121.25 43.57895, -123.75 43.57895))",0.0,0.0,0.0,1.0
12,4,"POLYGON ((-121.25 43.57895, -121.25 45.47365, -118.75 45.47365, -118.75 43.57895, -121.25 43.57895))",0.0,0.0,0.0,1.0
12,5,"POLYGON ((-118.75 43.57895, -118.75 45.47365, -116.25 45.47365, -116.25 43.57895, -118.75 43.57895))",0.0,0.0,0.0,1.0
12,6,"POLYGON ((-116.25 43.57895, -116.25 45.47365, -113.75 45.47365, -113.75 43.57895, -116.25 43.57895))",0.0,0.0,0.0,1.0
12,7,"POLYGON ((-113.75 43.57895, -113.75 45.47365, -111.25 45.47365, -111.25 43.57895, -113.75 43.57895))",0.0,0.0,0.0,1.0
12,8,"POLYGON ((-111.25 43.57895, -111.25 45.47365, -108.75 45.47365, -108.75 43.57895, -111.25 43.57895))",0.0,0.0,0.0,1.0
12,9,"POLYGON ((-108.75 43.57895, -108.75 45.47365, -106.25 45.47365, -106.25 43.57895, -108.75 43.57895))",0.0,0.0,0.0,1.0
12,10,"POLYGON ((-106.25 43.57895, -106.25 45.47365, -103.75 45.47365, -103.75 43.57895, -106.25 43.57895))",0.0,0.23243946434592846,0.0,0.7675605356540716
12,11,"POLYGON ((-103.75 43.57895, -103.75 45.47365, -101.25 45.47365, -101.25 43.57895, -103.75 43.57895))",0.0,1.0,0.0,0.0
12,12,"POLYGON ((-101.25 43.57895, -101.25 45.47365, -98.75 45.47365, -98.75 43.57895, -101.25 43.57895))",0.0,1.0,0.0,0.0
12,13,"POLYGON ((-98.75 43.57895, -98.75 45.47365, -96.25 45.47365, -96.25 43.57895, -98.75 43.57895))",0.0,1.0,0.0,0.0
12,14,"POLYGON ((-96.25 43.57895, -96.25 45.47365, -93.75 45.47365, -93.75 43.57895, -96.25 43.57895))",0.0,1.0,0.0,0.0
12,15,"POLYGON ((-93.75 43.57895, -93.75 45.47365, -91.25 45.47365, -91.25 43.57895, -93.75 43.57895))",0.0,1.0,0.0,0.0
12,16,"POLYGON ((-91.25 43.57895, -91.25 45.47365, -88.75 45.47365, -88.75 43.57895, -91.25 43.57895))",0.0,1.0,0.0,0.0
12,17,"POLYGON ((-88.75 43.57895, -88.75 45.47365, -86.25 45.47365, -86.25 43.57895, -88.75 43.57895))",0.0,1.0,0.0,0.0
12,18,"POLYGON ((-86.25 43.57895, -86.25 45.47365, -83.75 45.47365, -83.75 43.57895, -86.25 43.57895))",0.0,1.0,0.0,0.0
12,19,"POLYGON ((-83.75 43.57895, -83.75 45.47365, -81.25 45.47365, -81.25 43.57895, -83.75 43.57895))",0.0,1.0,0.0,0.0
12,21,"POLYGON ((-78.75 43.57895, -78.75 45.47365, -76.25 45.47365, -76.25 43.57895, -78.75 43.57895))",1.0,0.0,0.0,0.0
12,22,"POLYGON ((-76.25 43.57895, -76.25 45.47365, -73.75 45.47365, -73.75 43.57895, -76.25 43.57895))",1.0,0.0,0.0,0.0
12,23,"POLYGON ((-73.75 43.57895, -73.75 45.47365, -71.25 45.47365, -71.25 43.57895, -73.75 43.57895))",1.0,0.0,0.0,0.0
12,24,"POLYGON ((-71.25 43.57895, -71.25 45.47365, -68.75 45.47365, -68.75 43.57895, -71.25 43.57895))",1.0,0.0,0.0,0.0
12,25,"POLYGON ((-68.75 43.57895, -68.75 45.47365, -66.25 45.47365, -66.25 43.57895, -68.75 43.57895))",1.0,0.0,0.0,0.0
13,2,"POLYGON ((-126.25 45.47375, -126.25 47.36845, -123.75 47.36845, -123.75 45.47375, -126.25 45.47375))",0.0,0.0,0.0,1.0
13,3,"POLYGON ((-123.75 45.47375, -123.75 47.36845, -121.25 47.36845, -121.25 45.47375, -123.75 45.47375))",0.0,0.0,0.0,1.0
13,4,"POLYGON ((-121.25 45.47375, -121.25 47.36845, -118.75 47.36845, -118.75 45.47375, -121.25 45.47375))",0.0,0.0,0.0,1.0
13,5,"POLYGON ((-118.75 45.47375, -118.75 47.36845, -116.25 47.36845, -116.25 45.47375, -118.75 45.47375))",0.0,0.0,0.0,1.0
13,6,"POLYGON ((-116.25 45.47375, -116.25 47.36845, -113.75 47.36845, -113.75 45.47375, -116.25 45.47375))",0.0,0.0,0.0,1.0
13,7,"POLYGON ((-113.75 45.47375, -113.75 47.36845, -111.25 47.36845, -111.25 45.47375, -113.75 45.47375))",0.0,0.0,0.0,1.0
13,8,"POLYGON ((-111.25 45.47375, -111.25 47.36845, -108.75 47.36845, -108.75 45.47375, -111.25 45.47375))",0.0,0.0,0.0,1.0
13,9,"POLYGON ((-108.75 45.47375, -108.75 47.36845, -106.25 47.36845, -106.25 45.47375, -108.75 45.47375))",0.0,0.0,0.0,1.0
13,10,"POLYGON ((-106.25 45.47375, -106.25 47.36845, -103.75 47.36845, -103.75 45.47375, -106.25 45.47375))",0.0,0.4913624401337642,0.0,0.5086375598662358
13,11,"POLYGON ((-103.75 45.47375, -103.75 47.36845, -101.25 47.36845, -101.25 45.47375, -103.75 45.47375))",0.0,1.0,0.0,0.0
13,12,"POLYGON ((-101.25 45.47375, -101.25 47.36845, -98.75 47.36845, -98.75 45.47375, -101.25 45.47375))",0.0,1.0,0.0,0.0
13,13,"POLYGON ((-98.75 45.47375, -98.75 47.36845, -96.25 47.36845, -96.25 45.47375, -98.75 45.47375))",0.0,1.0,0.0,0.0
13,14,"POLYGON ((-96.25 45.47375, -96.25 47.36845, -93.75 47.36845, -93.75 45.47375, -96.25 45.47375))",0.0,1.0,0.0,0.0
13,15,"POLYGON ((-93.75 45.47375, -93.75 47.36845, -91.25 47.36845, -91.25 45.47375, -93.75 45.47375))",0.0,1.0,0.0,0.0
13,16,"POLYGON ((-91.25 45.47375, -91.25 47.36845, -88.75 47.36845, -88.75 45.47375, -91.25 45.47375))",0.0,1.0,0.0,0.0
13,17,"POLYGON ((-88.75 45.47375, -88.75 47.36845, -86.25 47.36845, -86.25 45.47375, -88.75 45.47375))",0.0,1.0,0.0,0.0
13,18,"POLYGON ((-86.25 45.47375, -86.25 47.36845, -83.75 47.36845, -83.75 45.47375, -86.25 45.47375))",0.0,1.0,0.0,0.0
13,19,"POLYGON ((-83.75 45.47375, -83.75 47.36845, -81.25 47.36845, -81.25 45.47375, -83.75 45.47375))",0.0,1.0,0.0,0.0
13,24,"POLYGON ((-71.25 45.47375, -71.25 47.36845, -68.75 47.36845, -68.75 45.47375, -71.25 45.47375))",1.0,0.0,0.0,0.0
13,25,"POLYGON ((-68.75 45.47375, -68.75 47.36845, -66.25 47.36845, -66.25 45.47375, -68.75 45.47375))",1.0,0.0,0.0,0.0
14,2,"POLYGON ((-126.25 47.36845, -126.25 49.26315, -123.75 49.26315, -123.75 47.36845, -126.25 47.36845))",0.0,0.0,0.0,1.0
14,3,"POLYGON ((-123.75 47.36845, -123.75 49.26315, -121.25 49.26315, -121.25 47.36845, -123.75 47.36845))",0.0,0.0,0.0,1.0
14,4,"POLYGON ((-121.25 47.36845, -121.25 49.26315, -118.75 49.26315, -118.75 47.36845, -121.25 47.36845))",0.0,0.0,0.0,1.0
14,5,"POLYGON ((-118.75 47.36845, -118.75 49.26315, -116.25 49.26315, -116.25 47.36845, -118.75 47.36845))",0.0,0.0,0.0,1.0
14,6,"POLYGON ((-116.25 47.36845, -116.25 49.26315, -113.75 49.26315, -113.75 47.36845, -116.25 47.36845))",0.0,0.0,0.0,1.0
14,7,"POLYGON ((-113.75 47.36845, -113.75 49.26315, -111.25 49.26315, -111.25 47.36845, -113.75 47.36845))",0.0,0.0,0.0,1.0
14,8,"POLYGON ((-111.25 47.36845, -111.25 49.26315, -108.75 49.26315, -108.75 47.36845, -111.25 47.36845))",0.0,0.0,0.0,1.0
14,9,"POLYGON ((-108.75 47.36845, -108.75 49.26315, -106.25 49.26315, -106.25 47.36845, -108.75 47.36845))",0.0,0.0,0.0,1.0
14,10,"POLYGON ((-106.25 47.36845, -106.25 49.26315, -103.75 49.26315, -103.75 47.36845, -106.25 47.36845))",0.0,0.32801047610516115,0.0,0.6719895238948389
14,11,"POLYGON ((-103.75 47.36845, -103.75 49.26315, -101.25 49.26315, -101.25 47.36845, -103.75 47.36845))",0.0,1.0,0.0,0.0
14,12,"POLYGON ((-101.25 47.36845, -101.25 49.26315, -98.75 49.26315, -98.75 47.36845, -101.25 47.36845))",0.0,1.0,0.0,0.0
14,13,"POLYGON ((-98.75 47.36845, -98.75 49.26315, -96.25 49.26315, -96.25 47.36845, -98.75 47.36845))",0.0,1.0,0.0,0.0
14,14,"POLYGON ((-96.25 47.36845, -96.25 49.26315, -93.75 49.26315, -93.75 47.36845, -96.25 47.36845))",0.0,1.0,0.0,0.0
14,15,"POLYGON ((-93.75 47.36845, -93.75 49.26315, -91.25 49.26315, -91.25 47.36845, -93.75 47.36845))",0.0,1.0,0.0,0.0
14,16,"POLYGON ((-91.25 47.36845, -91.25 49.26315, -88.75 49.26315, -88.75 47.36845, -91.25 47.36845))",0.0,1.0,0.0,0.0
14,17,"POLYGON ((-88.75 47.36845, -88.75 49.26315, -86.25 49.26315, -86.25 47.36845, -88.75 47.36845))",0.0,1.0,0.0,0.0
15,14,"POLYGON ((-96.25 49.26315, -96.25 51.15785, -93.75 51.15785, -93.75 49.26315, -96.25 49.26315))",0.0,1.0,0.0,0.0
