"(2, 12)","(2, 13)","(3, 12)","(3, 13)","(3, 20)","(4, 10)","(4, 11)","(4, 12)","(4, 13)","(4, 14)","(4, 15)","(4, 16)","(4, 17)","(4, 18)","(4, 20)","(5, 7)","(5, 8)","(5, 9)","(5, 10)","(5, 11)","(5, 12)","(5, 13)","(5, 14)","(5, 15)","(5, 16)","(5, 17)","(5, 18)","(5, 19)","(5, 20)","(6, 4)","(6, 5)","(6, 6)","(6, 7)","(6, 8)","(6, 9)","(6, 10)","(6, 11)","(6, 12)","(6, 13)","(6, 14)","(6, 15)","(6, 16)","(6, 17)","(6, 18)","(6, 19)","(6, 20)","(6, 21)","(7, 3)","(7, 4)","(7, 5)","(7, 6)","(7, 7)","(7, 8)","(7, 9)","(7, 10)","(7, 11)","(7, 12)","(7, 13)","(7, 14)","(7, 15)","(7, 16)","(7, 17)","(7, 18)","(7, 19)","(7, 20)","(7, 21)","(7, 22)","(8, 3)","(8, 4)","(8, 5)","(8, 6)","(8, 7)","(8, 8)","(8, 9)","(8, 10)","(8, 11)","(8, 12)","(8, 13)","(8, 14)","(8, 15)","(8, 16)","(8, 17)","(8, 18)","(8, 19)","(8, 20)","(8, 21)","(8, 22)","(9, 2)","(9, 3)","(9, 4)","(9, 5)","(9, 6)","(9, 7)","(9, 8)","(9, 9)","(9, 10)","(9, 11)","(9, 12)","(9, 13)","(9, 14)","(9, 15)","(9, 17)","(9, 18)","(9, 19)","(9, 20)","(9, 21)","(9, 22)","(10, 2)","(10, 3)","(10, 4)","(10, 5)","(10, 6)","(10, 7)","(10, 8)","(10, 9)","(10, 10)","(10, 11)","(10, 12)","(10, 13)","(10, 14)","(10, 15)","(10, 16)","(10, 17)","(10, 18)","(10, 19)","(10, 20)","(10, 21)","(10, 22)","(10, 23)","(10, 24)","(11, 2)","(11, 3)","(11, 4)","(11, 5)","(11, 6)","(11, 7)","(11, 8)","(11, 9)","(11, 10)","(11, 11)","(11, 12)","(11, 13)","(11, 14)","(11, 15)","(11, 16)","(11, 17)","(11, 18)","(11, 19)","(11, 20)","(11, 21)","(11, 22)","(11, 23)","(11, 24)","(12, 2)","(12, 3)","(12, 4)","(12, 5)","(12, 6)","(12, 7)","(12, 8)","(12, 9)","(12, 10)","(12, 11)","(12, 12)","(12, 13)","(12, 14)","(12, 15)","(12, 16)","(12, 17)","(12, 18)","(12, 19)","(12, 21)","(12, 22)","(12, 23)","(12, 25)","(13, 2)","(13, 3)","(13, 4)","(13, 5)","(13, 6)","(13, 7)","(13, 8)","(13, 9)","(13, 10)","(13, 11)","(13, 12)","(13, 13)","(13, 14)","(13, 15)","(13, 16)","(13, 17)","(13, 18)","(13, 19)","(13, 24)","(14, 2)","(14, 3)","(14, 4)","(14, 5)","(14, 6)","(14, 7)","(14, 8)","(14, 9)","(14, 10)","(14, 11)","(14, 12)","(14, 13)","(14, 14)","(14, 15)","(14, 16)","(14, 17)","(15, 14)"
0.129115462,0.129115462,0.129115462,0.129115462,0.129115462,0.129115462,0.129115462,0.129115462,0.129115462,0.129115462,0.129115462,0.129115462,0.129115462,0.129115462,0.129115462,0.207447011,0.207447011,0.154640775,0.154640775,0.154640775,0.129115462,0.129115462,0.129115462,0.129115462,0.129115462,0.129115462,0.129115462,0.129115462,0.129115462,0.207447011,0.207447011,0.207447011,0.207447011,0.207447011,0.207447011,0.207447011,0.154640775,0.129115462,0.129115462,0.129115462,0.129115462,0.129115462,0.129115462,0.129115462,0.129115462,0.129115462,0.129115462,0.207447011,0.207447011,0.207447011,0.207447011,0.207447011,0.207447011,0.207447011,0.207447011,0.154640775,0.129115462,0.129115462,0.129115462,0.129115462,0.112345866,0.129115462,0.129115462,0.129115462,0.129115462,0.129115462,0.129115462,0.207447011,0.207447011,0.207447011,0.207447011,0.207447011,0.207447011,0.207447011,0.207447011,0.15102104,0.118535628,0.102216923,0.1015819,0.100790344,0.104788863,0.102367275,0.129115462,0.129115462,0.129115462,0.129115462,0.129115462,0.207447011,0.207447011,0.207447011,0.207447011,0.207447011,0.207447011,0.207447011,0.207447011,0.207447011,0.152092675,0.081032842,0.081032842,0.081032842,0.081032842,0.094748183,0.096216143,0.108610043,0.106781496,0.116323098,0.112279301,0.207447011,0.207447011,0.207447011,0.207447011,0.207447011,0.207447011,0.207447011,0.207447011,0.172086909,0.130049113,0.081032842,0.081032842,0.081032842,0.081032842,0.081032842,0.081032842,0.081032842,0.081032842,0.096777822,0.095944961,0.096623866,0.095944961,0.095944961,0.207447011,0.207447011,0.207447011,0.207447011,0.207447011,0.207447011,0.207447011,0.207447011,0.130007001,0.081032842,0.081032842,0.081032842,0.081032842,0.081032842,0.081032842,0.081032842,0.081032842,0.081032842,0.091502926,0.095944961,0.095944961,0.095944961,0.095944961,0.207447011,0.207447011,0.207447011,0.207447011,0.207447011,0.207447011,0.207447011,0.207447011,0.178063369,0.081032842,0.081032842,0.081032842,0.081032842,0.081032842,0.081032842,0.081032842,0.081032842,0.081032842,0.095944961,0.095944961,0.095944961,0.095944961,0.207447011,0.207447011,0.207447011,0.207447011,0.207447011,0.207447011,0.207447011,0.207447011,0.145331836,0.081032842,0.081032842,0.081032842,0.081032842,0.081032842,0.081032842,0.081032842,0.081032842,0.081032842,0.095944961,0.207447011,0.207447011,0.207447011,0.207447011,0.207447011,0.207447011,0.207447011,0.207447011,0.165981839,0.081032842,0.081032842,0.081032842,0.081032842,0.081032842,0.081032842,0.081032842,0.081032842
0.129135185,0.130961755,0.129270554,0.130488937,0.129161374,0.129117619,0.129122488,0.129782976,0.142296309,0.13063784,0.131049927,0.129762329,0.12914005,0.129227466,0.129322192,0.207492753,0.208166934,0.155261689,0.154687199,0.154896591,0.130074764,0.13712489,0.138598312,0.131342759,0.137677524,0.131618832,0.136749956,0.133744825,0.129400427,0.20751756,0.244216037,0.209907296,0.223917519,0.209710768,0.208309175,0.208174866,0.155527485,0.130289665,0.137575049,0.145713284,0.132433446,0.131768857,0.13344423,0.14983001,0.13441084,0.132789457,0.129294313,0.207447688,0.22188873,0.227566873,0.20797633,0.207824437,0.207916951,0.208582159,0.207778787,0.155175792,0.129972952,0.143312633,0.13643686,0.140726947,0.124011783,0.131418748,0.148708507,0.145924845,0.135190888,0.130088134,0.129171649,0.150396372,0.277934719,0.207673282,0.217995499,0.208429335,0.207493097,0.207449642,0.207600111,0.151056044,0.118892847,0.106569936,0.110849847,0.10713599,0.112893149,0.113678134,0.132991211,0.133190361,0.136184862,0.131426334,0.130049513,0.207537085,0.225351576,0.212835532,0.207637035,0.207614021,0.208198179,0.207627427,0.207782455,0.20296514,0.152184374,0.081314675,0.081876145,0.091489036,0.082517256,0.099191464,0.107211525,0.116216393,0.112380567,0.108046876,0.117325579,0.208372399,0.208211063,0.207822577,0.207552104,0.207562551,0.210216696,0.207511263,0.207416571,0.170571092,0.130141861,0.081238449,0.082267317,0.087104803,0.085031392,0.094522927,0.086993418,0.088044674,0.116653803,0.146463054,0.114795579,0.11310464,0.096295558,0.095961765,0.207848111,0.210412535,0.207587915,0.208326255,0.207747618,0.207733912,0.207446089,0.207434375,0.129993984,0.081062991,0.08114695,0.082388884,0.081689766,0.083950227,0.086683727,0.085372947,0.085298342,0.094409652,0.107313933,0.102384297,0.107406818,0.095010281,0.09384788,0.207647553,0.210516183,0.207700789,0.209443867,0.207571762,0.207457154,0.207440416,0.207454091,0.178042994,0.081070275,0.081140649,0.081666829,0.081388741,0.080381994,0.082973728,0.082768792,0.081289015,0.082262128,0.095956635,0.096049486,0.095936327,0.09610873,0.208134487,0.208309782,0.208454646,0.208292362,0.208433493,0.207822323,0.207423301,0.207439374,0.14534668,0.081024455,0.081058727,0.08154597,0.081128155,0.081801133,0.08125208,0.081486525,0.081239091,0.081037769,0.095950667,0.207513197,0.199705112,0.207482459,0.211225675,0.208917167,0.207597897,0.207451704,0.207447991,0.166008205,0.081019665,0.08105401,0.081043613,0.081101161,0.081113358,0.081035366,0.081034591,0.081032973
0.129151815,0.132914108,0.12943358,0.131980117,0.129428761,0.129119648,0.129129925,0.130383204,0.157523279,0.134004401,0.132764102,0.130530194,0.129173864,0.129393188,0.129785982,0.207544991,0.20896971,0.15600286,0.154739629,0.155120043,0.131116068,0.144796157,0.148573702,0.133456108,0.147288963,0.13453572,0.145721689,0.139758589,0.129877683,0.207591506,0.328729049,0.212702724,0.240160034,0.211317656,0.208931515,0.208680238,0.156330745,0.131593005,0.144033241,0.164352789,0.13566173,0.134390789,0.138718602,0.177646357,0.141903828,0.138425844,0.129532721,0.207448394,0.240967547,0.236592082,0.208486541,0.208175183,0.208226113,0.209105651,0.207958864,0.155657687,0.131026512,0.157836525,0.144019752,0.153101887,0.1363505,0.133786896,0.17323639,0.166673411,0.146827264,0.131554121,0.129241993,0.107781338,0.347984428,0.20788622,0.228805062,0.209139146,0.207541037,0.207388249,0.207685085,0.151092158,0.119350137,0.11123156,0.121119759,0.114474992,0.12216392,0.125917233,0.137244537,0.138405988,0.146483134,0.134261552,0.13114727,0.207624017,0.252225272,0.218181656,0.207815472,0.207759523,0.208955238,0.207801652,0.207871099,0.19880915,0.152264224,0.081642039,0.082879222,0.104460716,0.084885757,0.103761268,0.118928487,0.12766608,0.117666366,0.100157444,0.123107636,0.209132108,0.209184935,0.208212449,0.207652054,0.207692117,0.213183034,0.207598568,0.207385495,0.169124732,0.130228772,0.081455621,0.08383521,0.093796753,0.089461499,0.109615735,0.093349903,0.095058984,0.171147896,0.219608537,0.135186424,0.13289967,0.096105122,0.095881934,0.20826669,0.213487772,0.207730048,0.209206182,0.208078542,0.208048041,0.207445374,0.207415453,0.129981264,0.081084961,0.081258562,0.083841251,0.082414117,0.086990616,0.092456815,0.089098991,0.089718999,0.109589268,0.123610305,0.108895939,0.120368729,0.093357178,0.090593704,0.207852427,0.213712319,0.207955862,0.21140838,0.207693084,0.20746652,0.207435,0.207461613,0.178020607,0.08109295,0.081278427,0.082067177,0.081736278,0.078848026,0.084797731,0.084585367,0.081478658,0.083345081,0.095962118,0.096129877,0.095862359,0.09623941,0.208847143,0.209362863,0.20939756,0.209053757,0.209337002,0.208185969,0.207397845,0.207431438,0.1453583,0.081014946,0.081080217,0.081818001,0.081224104,0.08252358,0.081369295,0.081849053,0.081440972,0.081042043,0.095956259,0.207589942,0.192968006,0.207519357,0.214984961,0.210361168,0.207754286,0.207456886,0.207448535,0.166022228,0.081003062,0.08107032,0.08105378,0.081195896,0.081215487,0.081036502,0.081035973,0.08103313
0.129171305,0.134706457,0.129667144,0.133329869,0.129877071,0.129120873,0.129137189,0.131082503,0.174087624,0.139382371,0.133987074,0.131591277,0.129218303,0.129606487,0.130387796,0.207587728,0.209732325,0.156666204,0.154790425,0.155428958,0.132406708,0.152368367,0.159103642,0.135113474,0.158688571,0.138064793,0.155808235,0.146803867,0.130489725,0.20768027,0.443573083,0.215106506,0.255178021,0.212411705,0.209392883,0.209148175,0.157289206,0.133040922,0.149162304,0.183866072,0.138413848,0.137003406,0.144311941,0.213834891,0.152269099,0.144868851,0.129765359,0.207449192,0.264538369,0.233241646,0.2086748,0.208466303,0.208446015,0.209471066,0.208132212,0.156306007,0.132169357,0.171492026,0.150556814,0.16555387,0.151036366,0.136127766,0.203012595,0.188986468,0.162763656,0.132713948,0.129311316,0.076091789,0.411535733,0.208101078,0.239063464,0.209535998,0.20760483,0.207368358,0.207780497,0.151142046,0.1198317,0.11526952,0.131077623,0.122686731,0.13264288,0.140651823,0.141902312,0.143468475,0.160155161,0.137336353,0.132195822,0.207716333,0.292636105,0.222180531,0.207982204,0.207877544,0.209661512,0.207979946,0.207880907,0.197041662,0.152342607,0.081927357,0.083731053,0.11818555,0.089063426,0.108949813,0.133378815,0.144317415,0.12252522,0.092025773,0.128942379,0.209854004,0.210719582,0.208596014,0.207742318,0.207817994,0.216195832,0.207727808,0.207354271,0.168051871,0.130268915,0.081600143,0.085055962,0.099370758,0.093583366,0.124671752,0.100811095,0.102336576,0.249237028,0.316971209,0.157295922,0.164577878,0.094582084,0.095794137,0.208668717,0.216097755,0.207876851,0.210080598,0.208385903,0.208327546,0.207448943,0.207397428,0.129974513,0.08109026,0.081330506,0.08483661,0.083088343,0.089455737,0.097930029,0.093255142,0.09462323,0.126908254,0.13819826,0.115363679,0.135801976,0.091497208,0.086239375,0.208100258,0.218484773,0.20840861,0.2137286,0.207827059,0.207476446,0.207429519,0.207466665,0.178000291,0.081099197,0.081399002,0.082181692,0.081932065,0.076470427,0.086631019,0.086439552,0.081612951,0.084262562,0.095963796,0.096201043,0.095711741,0.096334206,0.209704031,0.210933077,0.211016603,0.210133558,0.210221488,0.208536338,0.207371603,0.207429933,0.145378366,0.081005911,0.081084773,0.081857629,0.08131743,0.083109222,0.081426553,0.082171647,0.081637131,0.081045397,0.09596396,0.207680757,0.186713472,0.207655113,0.21949964,0.211730217,0.207951902,0.207477746,0.207452968,0.166036257,0.080983562,0.081081751,0.08106297,0.08127657,0.081292983,0.081037294,0.081037143,0.08103326
0.129187256,0.135828196,0.129928749,0.134283234,0.130810435,0.129121786,0.129144615,0.13175718,0.191490372,0.143282831,0.134673135,0.132675321,0.129264767,0.129896401,0.131264373,0.207633222,0.210587265,0.157461174,0.15484102,0.155728798,0.133686282,0.158888069,0.170003268,0.136714684,0.170542393,0.141956554,0.167818633,0.155406217,0.131303677,0.207696251,0.545010408,0.21659815,0.270193794,0.213181717,0.209746219,0.209716143,0.158494719,0.134446034,0.150821824,0.203507713,0.141187445,0.139814181,0.149757483,0.258081508,0.166098675,0.153187718,0.130052821,0.207449528,0.286810701,0.224803778,0.208536345,0.208949001,0.208683281,0.209957246,0.208407157,0.157192204,0.133274085,0.184286786,0.157064598,0.179056276,0.16694789,0.138733538,0.236521848,0.212290307,0.1850956,0.133955518,0.129381105,0.06060538,0.453812378,0.208232749,0.25018519,0.209673693,0.207699917,0.207395412,0.208055802,0.151238558,0.120291339,0.118668082,0.140376754,0.131262744,0.144442856,0.158789141,0.146359351,0.148928135,0.174868491,0.139992895,0.133183475,0.207768353,0.321224833,0.223557305,0.208065339,0.207959934,0.210298153,0.208078452,0.207821612,0.195338911,0.152442029,0.082194652,0.084595322,0.133162801,0.093864952,0.114702003,0.149959871,0.167125097,0.126956742,0.083516556,0.134885125,0.210166298,0.212815718,0.208788747,0.20773824,0.207860879,0.216769077,0.207787439,0.207331148,0.166919004,0.130300191,0.081743041,0.086589294,0.104406003,0.097860444,0.141044984,0.108651093,0.109970811,0.348411404,0.437197524,0.177940194,0.200120538,0.091431157,0.095698482,0.208840255,0.217665062,0.207944573,0.210485403,0.208516654,0.20844521,0.207448739,0.207382494,0.129968678,0.081094961,0.081399927,0.085936491,0.083750806,0.091954747,0.103861547,0.099089138,0.099635688,0.144961191,0.155331479,0.120419709,0.14950793,0.089359308,0.0811328,0.208196358,0.220689381,0.208606047,0.214836393,0.207854736,0.207484458,0.207421265,0.207465389,0.177978184,0.081098036,0.081563502,0.082265606,0.082186614,0.074154283,0.089031929,0.089021616,0.08179194,0.085249611,0.095964146,0.096229962,0.095440896,0.096426826,0.210129069,0.209111314,0.211566116,0.21053513,0.210794121,0.208809642,0.207334521,0.207434841,0.145401918,0.080996603,0.081098036,0.081875703,0.081525339,0.083803958,0.081487834,0.082600177,0.081864272,0.081049119,0.095973011,0.207726649,0.180331703,0.207656067,0.222369481,0.212839671,0.208114005,0.207500212,0.207457635,0.166053321,0.080964111,0.081102873,0.081087564,0.081363409,0.081379027,0.081039479,0.081038924,0.081033406
0.12920236,0.136898093,0.130154241,0.135208156,0.131858935,0.129122402,0.129154268,0.132257044,0.209925293,0.148137987,0.135239441,0.134095361,0.129322649,0.13025332,0.132074958,0.207661421,0.211089806,0.158123531,0.154860795,0.155906779,0.134820022,0.165260169,0.181558889,0.13826107,0.184169441,0.146211185,0.181517558,0.163959801,0.132085098,0.207686516,0.648292087,0.217458408,0.281404304,0.213615515,0.209986313,0.210198507,0.159644341,0.135654906,0.149951428,0.224373734,0.143997732,0.142579086,0.155164636,0.305506418,0.179965991,0.160411646,0.130305331,0.207449954,0.309726621,0.21541152,0.20834556,0.209471504,0.208866442,0.210447715,0.208720795,0.158112973,0.13421626,0.196046327,0.163119313,0.194125109,0.183773815,0.141377181,0.271177425,0.233425165,0.209725965,0.134857055,0.129442272,0.046922222,0.500454908,0.208352609,0.262004743,0.209828929,0.207762103,0.207493153,0.208409762,0.151338481,0.120694981,0.121891012,0.149152469,0.139996321,0.156278388,0.180190728,0.151362164,0.154463183,0.190477356,0.142376597,0.134078927,0.207832705,0.361661679,0.224876356,0.208136871,0.208036763,0.21081303,0.208181142,0.207758922,0.193581599,0.152530037,0.082479908,0.085489738,0.15435881,0.098733869,0.120352228,0.170239224,0.192922436,0.13154048,0.075137475,0.140556368,0.210579845,0.215300172,0.208991665,0.207726479,0.207894412,0.217215258,0.207822032,0.207311232,0.16567838,0.130311697,0.081845176,0.088099025,0.109305168,0.102245877,0.158396434,0.116578318,0.117746162,0.464779589,0.571084808,0.198644381,0.234747935,0.086596977,0.095591986,0.209037556,0.219424232,0.208011785,0.210867948,0.208871741,0.20850238,0.207441355,0.207371002,0.129963193,0.081095838,0.081442776,0.086846969,0.08435626,0.094317293,0.110173492,0.103391814,0.103763653,0.162799246,0.172583563,0.125329211,0.162388949,0.087544122,0.076843321,0.208322185,0.223173974,0.2087889,0.216004539,0.207901054,0.207522085,0.207411499,0.207464264,0.177957632,0.081092581,0.08166745,0.0823221,0.082410499,0.071724337,0.090998456,0.090884469,0.081987493,0.086114188,0.095964577,0.096285601,0.095159052,0.096480271,0.210501475,0.207491355,0.211928851,0.211034455,0.211455944,0.209150674,0.207296979,0.207445423,0.145426925,0.080987557,0.081103289,0.081891165,0.081794506,0.084550894,0.081558213,0.082922719,0.082013649,0.081052512,0.095984735,0.207757745,0.174159774,0.207663744,0.225748002,0.214319244,0.208344395,0.20753089,0.20746278,0.166070742,0.080951289,0.081134954,0.081127349,0.081418478,0.081443017,0.081041715,0.081040468,0.081033518
0.129219249,0.138183055,0.130379905,0.136268924,0.132524216,0.129122281,0.129166249,0.132785344,0.229681497,0.151716197,0.136149986,0.136157703,0.129372345,0.130578092,0.132732097,0.207678972,0.21129812,0.158717015,0.154860545,0.155958658,0.135908067,0.171359678,0.193766216,0.140022259,0.198162817,0.150308344,0.194497817,0.172227371,0.132790526,0.207655527,0.699855556,0.218002277,0.289716641,0.213914927,0.210159072,0.210641005,0.160547557,0.136677422,0.147767803,0.24572889,0.146784709,0.145293349,0.160732381,0.351620815,0.194125539,0.166275614,0.130530645,0.207450178,0.327612975,0.205304162,0.208131479,0.209946509,0.20900265,0.2107447,0.20897553,0.158841812,0.134942583,0.206254309,0.168318926,0.209375668,0.201364839,0.144304647,0.305682862,0.254168176,0.231709542,0.13532681,0.129493625,0.037904553,0.550404957,0.208459204,0.273480071,0.20995484,0.207803824,0.207615146,0.208777383,0.151435607,0.120975479,0.123863616,0.156437969,0.147876017,0.168504855,0.202946754,0.156698882,0.159432656,0.20494218,0.14407939,0.134789662,0.207891509,0.39673339,0.22656062,0.208202628,0.208113382,0.211240828,0.208277921,0.207687789,0.192207595,0.152619247,0.082698084,0.086155907,0.1753262,0.103551905,0.125801929,0.191855115,0.220300051,0.136109798,0.067531581,0.145827116,0.21101608,0.218183124,0.209190541,0.207712484,0.207922782,0.217565181,0.207841145,0.207287822,0.16451616,0.13032271,0.081937703,0.089373361,0.113506068,0.106235231,0.176098036,0.124140915,0.125375604,0.587259685,0.703804302,0.223281916,0.271607671,0.081626918,0.095519543,0.209240287,0.221392515,0.208077367,0.211236699,0.209229772,0.20856317,0.207432827,0.207356349,0.129958356,0.08110084,0.081477175,0.087663412,0.084966298,0.096732754,0.116761702,0.10753115,0.107844082,0.183559724,0.188473565,0.131039517,0.174265582,0.086019818,0.072897488,0.20848578,0.225772319,0.209014785,0.217257388,0.207946995,0.207565638,0.207402591,0.207464697,0.177936407,0.081095219,0.081736754,0.08242941,0.082606639,0.069722889,0.092783259,0.092240199,0.082146299,0.086851428,0.095964978,0.096336077,0.094859033,0.096531166,0.210884218,0.206328498,0.212483059,0.211596469,0.212151538,0.209498361,0.207265535,0.207474793,0.145458736,0.080979454,0.081115208,0.081973475,0.082137731,0.085380329,0.081661962,0.083235209,0.082119156,0.081055375,0.095995446,0.207785811,0.168244891,0.207686883,0.229283211,0.215856533,0.208616938,0.207575517,0.20747214,0.166096087,0.080953811,0.08118552,0.081185594,0.081468537,0.081508938,0.081044876,0.081042037,0.081033632
0.129234004,0.139624933,0.130603974,0.137498469,0.133284319,0.129123705,0.129184211,0.133352831,0.252721282,0.15234611,0.137472854,0.138926981,0.12942734,0.130964412,0.133446817,0.207695392,0.211397978,0.159635862,0.154859967,0.156040336,0.137084365,0.177776705,0.206902678,0.14205889,0.212538365,0.154742661,0.207062054,0.180612337,0.133473024,0.207632911,0.76345742,0.218629638,0.297026088,0.214168765,0.210338624,0.211140535,0.161505547,0.137796404,0.145084457,0.268919471,0.149690579,0.147856466,0.166436254,0.393341368,0.20785802,0.172016553,0.130763135,0.207450341,0.346017437,0.198620908,0.207956706,0.210371069,0.209123566,0.211014071,0.209244592,0.159586159,0.135731156,0.217417263,0.174532242,0.226418135,0.217275826,0.146693794,0.338589439,0.275849896,0.26130934,0.135784737,0.129549198,0.030832292,0.599732097,0.208570547,0.286983835,0.210079912,0.207844736,0.207721713,0.209148906,0.151553004,0.121285029,0.126358411,0.16408582,0.156794166,0.18342152,0.225170717,0.16107968,0.164197616,0.220256668,0.145580243,0.135635025,0.20793905,0.41898667,0.230205529,0.208274165,0.208213453,0.211631788,0.208338793,0.207632937,0.190457423,0.15275,0.083004664,0.087062791,0.19485704,0.108620361,0.130765015,0.21044242,0.247707364,0.140633793,0.06115268,0.152039044,0.211416438,0.220850494,0.209402873,0.207705262,0.207966263,0.218197351,0.207850283,0.207263516,0.163501363,0.13036221,0.082062894,0.090604246,0.118306998,0.110317121,0.195269199,0.130137712,0.133501917,0.692211784,0.811301806,0.251600716,0.318459516,0.078965107,0.09558565,0.209491367,0.223957313,0.208146944,0.211659137,0.209632261,0.208658796,0.207422685,0.207324285,0.129953887,0.081122809,0.081513456,0.088512823,0.085513925,0.098861489,0.124232721,0.110972746,0.111604712,0.204319054,0.205733108,0.138142131,0.186010151,0.084697255,0.06926986,0.20863614,0.228463542,0.209259409,0.218685269,0.208056564,0.207615144,0.207394463,0.207469568,0.17791807,0.081135936,0.081781601,0.082601108,0.082768855,0.068146344,0.094049753,0.093349913,0.082320294,0.087601296,0.095965603,0.096401036,0.094545299,0.096617413,0.211223366,0.205471766,0.212936669,0.212235169,0.213079081,0.209904133,0.207240161,0.207492829,0.145505159,0.080979084,0.081125555,0.082136629,0.08243637,0.086209778,0.081782014,0.083488375,0.082186629,0.081058262,0.096006145,0.207807109,0.162373732,0.207707236,0.233178854,0.217454019,0.208873053,0.20761569,0.207478766,0.166108097,0.080964122,0.081241719,0.081242784,0.081510456,0.0815686,0.08104804,0.081043465,0.081033741
0.129248402,0.141133512,0.130831668,0.138701033,0.133778411,0.129127314,0.129211534,0.134000644,0.277942331,0.15332034,0.138704189,0.141315017,0.129477462,0.131224147,0.133789092,0.207712064,0.211439696,0.160930386,0.154864832,0.156099681,0.13824188,0.184290158,0.220423697,0.144104281,0.227879433,0.158187173,0.215838884,0.186112995,0.133834275,0.207608098,0.818792601,0.219341671,0.303930948,0.214356833,0.210476137,0.211597979,0.162284004,0.138859803,0.142274837,0.294321147,0.152527212,0.150262557,0.171052943,0.421898843,0.216830003,0.17545022,0.130917242,0.2074505,0.362804477,0.191214631,0.207839734,0.210915202,0.209217395,0.211051565,0.209414275,0.160146685,0.136485226,0.227047806,0.180381584,0.243176234,0.232136618,0.148399391,0.367201391,0.295311914,0.295897326,0.136080526,0.12959481,0.024724042,0.646279072,0.208659856,0.296910589,0.210226442,0.207866211,0.207744279,0.209373078,0.151634972,0.121559906,0.128791205,0.17034936,0.16646216,0.202719477,0.242761267,0.164741827,0.168467776,0.233827472,0.146781734,0.136300648,0.207984282,0.434613124,0.234391185,0.208344433,0.208300779,0.21188395,0.208413587,0.207585309,0.188728347,0.152852585,0.083282955,0.087837464,0.208799959,0.113820916,0.135016411,0.225493525,0.271685202,0.14410277,0.054680016,0.157155758,0.211827586,0.222788427,0.209605548,0.207704075,0.207998074,0.219086631,0.207868078,0.207239121,0.162484002,0.130398603,0.082160191,0.091725782,0.122908562,0.113975096,0.212413662,0.135700962,0.141300266,0.76603076,0.881396673,0.280522084,0.383637797,0.077284506,0.09575972,0.20973023,0.226658081,0.208223317,0.212127589,0.210327264,0.208842874,0.207410816,0.20729307,0.129950783,0.081144979,0.081540607,0.089274798,0.085998981,0.100722633,0.130287328,0.112109828,0.11531577,0.22392386,0.219723394,0.145546496,0.199670655,0.083371736,0.066035644,0.208797275,0.231088771,0.209637253,0.22082336,0.208270231,0.207709519,0.207385133,0.207474024,0.177901643,0.081189403,0.081797542,0.082799032,0.082901607,0.066290527,0.09465774,0.093885099,0.082458167,0.088214288,0.095966121,0.09647087,0.094229511,0.096721309,0.211549546,0.204841199,0.213441786,0.213371087,0.214295124,0.210394367,0.207216695,0.207514094,0.145560647,0.080980877,0.08112314,0.082369558,0.082593809,0.086842842,0.081859543,0.083604693,0.082216316,0.081060538,0.096015716,0.207827668,0.156542073,0.207761881,0.238488172,0.219367259,0.209148598,0.207658197,0.207485929,0.166117072,0.08096675,0.081281734,0.081277974,0.08153571,0.081602913,0.081049433,0.081044227,0.081033805
0.129267278,0.142662412,0.131042781,0.139776933,0.134487442,0.129131887,0.129243152,0.134582813,0.296909264,0.152781247,0.139863065,0.14321039,0.129514991,0.131417945,0.134188744,0.207729791,0.211480772,0.162687569,0.154897164,0.156120388,0.139279291,0.188707211,0.23082413,0.14638889,0.239857744,0.160978641,0.224195165,0.191732475,0.134212928,0.20755702,0.852364587,0.220424159,0.314250985,0.21458475,0.210603906,0.212110253,0.162885061,0.13981065,0.13894062,0.314411453,0.155390393,0.152580257,0.174975782,0.448917747,0.22511227,0.178612879,0.131047136,0.207450394,0.37205695,0.183502774,0.207823552,0.21149568,0.209305961,0.210959776,0.209498551,0.160494338,0.137100898,0.235998619,0.185627441,0.2589464,0.242726714,0.149301689,0.394531322,0.312637846,0.326324704,0.136374351,0.129627493,0.021601584,0.678803383,0.208705116,0.304450281,0.210401364,0.207897027,0.207722743,0.209489105,0.151690066,0.121750315,0.130740217,0.175684292,0.175501814,0.222621486,0.256248651,0.167556554,0.171774869,0.244906698,0.147799727,0.136698662,0.20800603,0.434207645,0.237409166,0.208382652,0.208348424,0.212126951,0.208514978,0.207555075,0.187097167,0.152924251,0.083442787,0.088304681,0.215330866,0.118712793,0.138399123,0.236830077,0.287468919,0.146556269,0.049040648,0.162508495,0.212067655,0.224020357,0.209760856,0.207682313,0.207987056,0.219864654,0.207920607,0.207214156,0.161505421,0.130437847,0.082248495,0.092620625,0.126662366,0.117055289,0.227243015,0.139457469,0.146825423,0.803410518,0.92214529,0.304043049,0.418849104,0.074387915,0.095942596,0.209869155,0.228593397,0.208266894,0.212340768,0.210497131,0.209359005,0.207398811,0.207262535,0.129947867,0.08116876,0.081573691,0.090139075,0.086527986,0.10269159,0.135128509,0.111826426,0.118482722,0.232766919,0.227543636,0.151888308,0.211474093,0.080903515,0.063077929,0.20886947,0.232655065,0.210004444,0.222797719,0.208465698,0.207770286,0.207371908,0.207482347,0.177884423,0.081254018,0.081823208,0.082991114,0.083036174,0.064213764,0.095116171,0.094326248,0.082481203,0.088584982,0.095966153,0.09647466,0.09398229,0.096770428,0.211748928,0.203463063,0.214131112,0.214611514,0.215620208,0.210959583,0.207194445,0.20753715,0.145616221,0.080982914,0.08112748,0.082550764,0.082711592,0.087280497,0.0819159,0.083676513,0.082233415,0.081061629,0.096018518,0.207838343,0.151010023,0.20773504,0.244625079,0.220925713,0.209348859,0.207693652,0.207494453,0.166125812,0.080963968,0.081319102,0.08132191,0.081563335,0.081622002,0.081049941,0.0810447,0.081033865
0.129292274,0.14415767,0.131242413,0.140740918,0.135910481,0.129135767,0.129273597,0.135014945,0.30963187,0.149209669,0.14086556,0.144630171,0.12955099,0.131593001,0.134633977,0.207762237,0.211489944,0.164546989,0.154953113,0.156144511,0.140209174,0.191578708,0.238474326,0.148765758,0.250507432,0.163344198,0.232528724,0.197082698,0.134553643,0.20750189,0.873098282,0.221925818,0.327864804,0.214763597,0.210742413,0.212756772,0.163453939,0.140688702,0.135193684,0.329453084,0.158289185,0.155325839,0.179078317,0.47476345,0.232436148,0.181350832,0.131170394,0.207450276,0.379654176,0.176568823,0.207837273,0.211957708,0.209389942,0.210915122,0.209602213,0.160795643,0.1376642,0.245062383,0.192636519,0.274496381,0.251516231,0.149928301,0.422038322,0.329863229,0.350107501,0.1367434,0.129654321,0.018429197,0.707300741,0.208733972,0.310748814,0.210536384,0.207937528,0.207706624,0.209582087,0.151741596,0.1219231,0.133162025,0.181033755,0.183998308,0.240993684,0.269248493,0.16988056,0.174479549,0.253368087,0.148952341,0.137019591,0.208022628,0.430756431,0.239495425,0.208410858,0.208383107,0.212287197,0.208600239,0.207564793,0.185087288,0.152986693,0.083570806,0.088732024,0.219894135,0.123233655,0.141982415,0.247553976,0.298469799,0.148350923,0.044171821,0.167683561,0.212244067,0.224855584,0.209893547,0.207659695,0.207972822,0.220321613,0.207943835,0.207192598,0.160616207,0.130463558,0.082306607,0.093202852,0.130095914,0.120110792,0.242110465,0.143437693,0.15285945,0.826139064,0.945258357,0.324987212,0.458765228,0.070602381,0.096050955,0.209991998,0.230342759,0.208306171,0.212535166,0.210640726,0.209802331,0.207383672,0.207222923,0.129942458,0.081185404,0.081596704,0.090769884,0.086951218,0.104488635,0.140076988,0.112126985,0.12173254,0.240145388,0.234836907,0.157178396,0.22278688,0.07836857,0.060521345,0.208922893,0.234365608,0.210331587,0.224800277,0.208666781,0.207824118,0.207356235,0.20749269,0.177865592,0.081298919,0.081839546,0.083118686,0.083178081,0.062062268,0.095539145,0.094787269,0.082514824,0.088934284,0.095966252,0.096492899,0.093777619,0.096808572,0.21197009,0.202194101,0.214726307,0.215954506,0.216999746,0.211536758,0.207169734,0.207552255,0.145677846,0.080980385,0.081125655,0.082658922,0.082834209,0.087680331,0.081964875,0.083744402,0.082255495,0.08106263,0.096021267,0.207846866,0.145562182,0.207681432,0.251522552,0.222474635,0.209514218,0.207718594,0.207502308,0.166131753,0.08095142,0.081344054,0.081352927,0.081580071,0.081631359,0.08105016,0.08104513,0.081033906
0.129319938,0.145330519,0.131410881,0.141483268,0.137640768,0.129138234,0.12930045,0.135263028,0.316953936,0.143511945,0.141441776,0.145239472,0.129570453,0.131719699,0.134977461,0.207817,0.211482014,0.166025721,0.15499079,0.156076445,0.140851747,0.192491058,0.243243152,0.151418818,0.256762253,0.16477167,0.239164572,0.201149022,0.134787461,0.207445475,0.895605889,0.224482497,0.34560813,0.214932929,0.210862137,0.213292359,0.163751141,0.141251751,0.130024615,0.338357168,0.161375565,0.157758416,0.182017289,0.496292463,0.237473084,0.183090902,0.131249126,0.207450174,0.388312942,0.172626039,0.208019651,0.212584664,0.209477888,0.210783295,0.209655022,0.160930796,0.138005785,0.251666089,0.19925296,0.287761494,0.257292396,0.150402446,0.445394191,0.345236733,0.360715879,0.13717684,0.129667939,0.015769929,0.738998522,0.208775284,0.318307474,0.210716997,0.20797341,0.207661661,0.209639642,0.151768872,0.121996077,0.13460831,0.185067612,0.190120537,0.253599654,0.279354324,0.171712533,0.176648408,0.25870492,0.150311898,0.137161982,0.208037647,0.428737047,0.240937342,0.208445962,0.208424266,0.21245529,0.208688374,0.207630837,0.183001668,0.153006116,0.083602907,0.088896852,0.221825888,0.126357507,0.145045655,0.256308768,0.304031382,0.149970647,0.039714243,0.172082165,0.21239089,0.225773532,0.210040079,0.207633405,0.207959463,0.221154418,0.207969116,0.207163885,0.159580661,0.130458322,0.082308861,0.093422147,0.132138478,0.122201491,0.253942688,0.146407613,0.157111728,0.839266817,0.959074993,0.341467567,0.482097845,0.065363686,0.095981521,0.210070804,0.23111385,0.208341587,0.212755737,0.210756244,0.210154282,0.207368562,0.207199079,0.12993502,0.081184389,0.081601664,0.091026495,0.087273703,0.105828834,0.14314785,0.110815636,0.123853358,0.243909852,0.242220515,0.159779205,0.228700394,0.075490604,0.058998489,0.20896222,0.235232358,0.210467861,0.226226858,0.208755087,0.207971361,0.207343621,0.207495979,0.177852899,0.081290933,0.081842655,0.083151711,0.083206351,0.059794937,0.095806207,0.095005616,0.082504329,0.089244055,0.095966198,0.09649166,0.093666368,0.096817003,0.212169805,0.200438731,0.214759785,0.216803787,0.217941863,0.211939042,0.207148593,0.207553016,0.145696534,0.080970156,0.081113506,0.082698684,0.082885149,0.08788501,0.08197433,0.083761063,0.082261649,0.081063508,0.09602217,0.20785252,0.140720192,0.207550946,0.257345872,0.223891837,0.209620313,0.207727332,0.207504978,0.166131993,0.08093497,0.081345655,0.081353015,0.081577731,0.081625635,0.081049676,0.081045253,0.081033911
0.129349418,0.1463659,0.131560361,0.142155468,0.140830679,0.129138975,0.129321103,0.13543635,0.3207405,0.137127325,0.142067403,0.145912337,0.129590441,0.131940509,0.135697152,0.207908872,0.211446346,0.167223658,0.155027125,0.156037416,0.141484268,0.192805638,0.246681821,0.154368948,0.264727956,0.167057645,0.248502922,0.207109494,0.135218917,0.207389022,0.914854009,0.228479539,0.360386549,0.215334726,0.211140729,0.214015124,0.164049618,0.141778714,0.125349427,0.344636301,0.164895271,0.161051599,0.185547802,0.527657071,0.245910909,0.186123373,0.131365644,0.207450045,0.39549902,0.173266425,0.208334657,0.213041657,0.209579138,0.211120137,0.209859112,0.161038311,0.13832673,0.259390506,0.207437616,0.304349256,0.26226249,0.151192815,0.477941354,0.365961986,0.365294857,0.137732103,0.129677707,0.013688149,0.768202805,0.208798673,0.326721729,0.210837698,0.20800972,0.207745788,0.209732766,0.151787861,0.122056785,0.136237491,0.191316011,0.196424949,0.263128676,0.292300218,0.174469898,0.179657639,0.263483237,0.151984702,0.137272824,0.208051679,0.427918324,0.241526048,0.208467753,0.208458197,0.212600452,0.208761271,0.207722611,0.18105943,0.153011025,0.083614525,0.089012941,0.225470658,0.129249644,0.148590872,0.268253745,0.309572492,0.151969273,0.036236995,0.177648951,0.212499677,0.226512391,0.210227802,0.207603195,0.207939266,0.222415238,0.20797767,0.20714126,0.158446933,0.130452348,0.082310298,0.093467125,0.134914304,0.124345221,0.267735598,0.149597406,0.162159335,0.85337737,0.97394293,0.359735222,0.495724188,0.060147708,0.095873426,0.210183719,0.231760002,0.208375358,0.212884494,0.210798724,0.210405902,0.207354529,0.207175079,0.129927541,0.081183891,0.081605326,0.091180839,0.087576132,0.107099007,0.146466291,0.111439272,0.126517909,0.251643929,0.251618387,0.161922008,0.235496518,0.072473408,0.05785663,0.208991309,0.235850478,0.210595214,0.228072828,0.208837705,0.208065213,0.207331928,0.207511187,0.177838356,0.081282881,0.081846709,0.083174144,0.083194386,0.057923419,0.096012989,0.095149378,0.08249427,0.089632705,0.09596634,0.096498402,0.093553498,0.096814752,0.212316559,0.198298818,0.215374279,0.217987779,0.218917275,0.212313263,0.20713267,0.207557695,0.145708906,0.080963525,0.081104363,0.082750766,0.082911457,0.088000888,0.081985208,0.08378146,0.082262129,0.081064551,0.096022377,0.207855475,0.136821298,0.20744971,0.264096239,0.225015991,0.209682433,0.207732755,0.207507117,0.16613143,0.080920385,0.081347049,0.081352508,0.081574889,0.081619088,0.081049281,0.081045347,0.081033914
0.129384856,0.147616791,0.131720751,0.142941727,0.143719628,0.129138062,0.129338263,0.135781382,0.32472648,0.130924913,0.143019832,0.146448822,0.129611744,0.132226257,0.136474579,0.208031166,0.211355064,0.168041929,0.155054249,0.156045338,0.142289707,0.193489049,0.251183372,0.156884637,0.275347586,0.169592504,0.258113117,0.212882806,0.135628706,0.207328479,0.925964579,0.23282347,0.369496824,0.215723172,0.211473132,0.214773596,0.164600015,0.142445641,0.121213589,0.353903188,0.168269756,0.164474112,0.189482616,0.56112679,0.254978475,0.189356572,0.131470349,0.2074499,0.401154837,0.173828553,0.208667876,0.213377933,0.209655204,0.211619649,0.210147813,0.161242336,0.138727285,0.268640613,0.217202247,0.321143379,0.267493651,0.152511153,0.505675104,0.390983787,0.369548743,0.138260091,0.12968972,0.011697863,0.791755915,0.208821309,0.332697451,0.210889286,0.208026551,0.207843744,0.209866382,0.151816413,0.122138353,0.138206435,0.199399554,0.202839858,0.272780648,0.306722797,0.17724478,0.182777799,0.267397376,0.153325117,0.13733936,0.208064765,0.430767085,0.241628145,0.208485686,0.208489377,0.212709695,0.208807063,0.207840557,0.178365994,0.15302886,0.083636937,0.089294455,0.229653251,0.13217688,0.153424458,0.279887023,0.314772658,0.153839176,0.032146885,0.182180935,0.212607545,0.227166839,0.210348126,0.207575155,0.207916951,0.223291434,0.207957444,0.20711138,0.156887849,0.130456935,0.082317342,0.093480065,0.138743316,0.126445256,0.281326719,0.154802244,0.167640064,0.866382231,0.985709564,0.377109673,0.501467362,0.055731329,0.095776702,0.210371901,0.23244107,0.208400693,0.21302627,0.210933277,0.210544331,0.20734126,0.207149132,0.12992191,0.081184437,0.081609249,0.09129333,0.087860767,0.108188582,0.149021741,0.111509923,0.129668579,0.262772258,0.264446553,0.163283562,0.24253931,0.069441138,0.056338094,0.209035761,0.23641676,0.210891492,0.230721827,0.209003984,0.20817296,0.207323483,0.207530208,0.177825407,0.081277002,0.081849502,0.083221156,0.083173125,0.05607211,0.096171098,0.095164707,0.082543918,0.090158122,0.095966592,0.096512631,0.093399036,0.096812835,0.212509198,0.196261454,0.217174302,0.219782346,0.220145805,0.212742725,0.207127936,0.207574038,0.14572245,0.080957415,0.081097263,0.082944387,0.082929937,0.08810757,0.082010069,0.083824281,0.082270024,0.08106604,0.096022786,0.207859184,0.132865637,0.207492074,0.271672952,0.226400296,0.209754923,0.207737313,0.207508806,0.166131423,0.080906452,0.081353539,0.081358413,0.081573548,0.081613787,0.081049103,0.081045506,0.081033918
0.129418888,0.148631917,0.131887708,0.143623616,0.146081433,0.129138032,0.129355952,0.136483693,0.328751183,0.124986436,0.144283786,0.146964012,0.129634161,0.132574163,0.137293685,0.208174531,0.211421499,0.168848752,0.155090277,0.156159787,0.143314044,0.194566987,0.257247562,0.159397388,0.288982815,0.172593976,0.268025967,0.217897658,0.136058046,0.207267924,0.937065275,0.237207776,0.379600703,0.216553478,0.211977087,0.215615076,0.165652817,0.143245242,0.117195354,0.365307428,0.171816737,0.167347065,0.192299817,0.58465638,0.262213957,0.192569595,0.13159004,0.207449754,0.406424938,0.173662472,0.209111013,0.21394321,0.20978077,0.212429301,0.210543976,0.161515219,0.139150092,0.278830662,0.226713505,0.337598121,0.272383568,0.1534759,0.523503379,0.413202434,0.372675995,0.13913224,0.129708251,0.010081478,0.812760405,0.208846054,0.337777403,0.210994204,0.208045675,0.207938111,0.210042768,0.151846894,0.122208458,0.140015172,0.20767005,0.209587227,0.283929512,0.320957783,0.179940254,0.185533061,0.271569708,0.154650702,0.137429422,0.208078076,0.435477803,0.241395662,0.2085065,0.208522112,0.212848118,0.20885353,0.207874239,0.175336927,0.153050602,0.083653272,0.089627779,0.232959872,0.135147519,0.158766419,0.289748618,0.318366336,0.156028918,0.0282765,0.18660848,0.21271034,0.227826922,0.210457356,0.207546611,0.207895236,0.224180722,0.207946523,0.2070734,0.155088992,0.130470415,0.082324823,0.093508852,0.143370683,0.128304009,0.293961354,0.159559577,0.171564073,0.874522787,0.992609143,0.390394708,0.492657034,0.051617411,0.095675762,0.210552743,0.233161362,0.208422505,0.213157585,0.211100586,0.210837428,0.207325382,0.207134846,0.129915793,0.081184279,0.081612784,0.091451415,0.088157641,0.10911799,0.15083366,0.10790797,0.13199878,0.268569638,0.2755369,0.163700554,0.248214726,0.065915994,0.054291035,0.20906873,0.236811462,0.211220671,0.233412545,0.209176553,0.208289352,0.207311405,0.207546829,0.177811948,0.081270745,0.081849939,0.083281483,0.083121491,0.054126212,0.09625587,0.095080081,0.082557435,0.090629882,0.095966671,0.09651214,0.093195552,0.09681008,0.212652481,0.194032577,0.219003732,0.221524936,0.22132212,0.213131407,0.207112179,0.207587398,0.145733441,0.08095297,0.081087382,0.08316256,0.082918074,0.088162134,0.082021597,0.083843661,0.082272588,0.081067342,0.096023001,0.207861663,0.129236534,0.207561029,0.278511616,0.227713913,0.209810889,0.207739881,0.207509254,0.166130692,0.080897028,0.081356164,0.081361478,0.081570203,0.081608562,0.081048912,0.081045581,0.081033918
0.129448862,0.149610957,0.132027855,0.144237657,0.148537545,0.129139552,0.129378546,0.137718697,0.332131443,0.120056611,0.146220893,0.147799716,0.129669124,0.133003704,0.1383179,0.20833781,0.211748295,0.169800733,0.155171036,0.156678315,0.144697988,0.196846977,0.265815229,0.161965046,0.308616243,0.176125991,0.280821193,0.223377539,0.136587112,0.207207766,0.945538706,0.241304871,0.390296892,0.217893831,0.212691715,0.216749126,0.167613081,0.144277459,0.113900288,0.383117789,0.175391558,0.170583908,0.195677139,0.604791058,0.270431874,0.196666335,0.131753306,0.207449596,0.410188947,0.171134118,0.209450818,0.21452025,0.209970143,0.213731058,0.211116702,0.161928895,0.139668192,0.290555993,0.237286059,0.356160586,0.277896507,0.154456736,0.538329308,0.4377765,0.374887389,0.140115549,0.129732334,0.007952691,0.833031695,0.208862155,0.340543091,0.211140449,0.208084446,0.208122358,0.210327247,0.151916533,0.122304609,0.142441111,0.216584391,0.217551184,0.298111702,0.3383843,0.183586429,0.188971337,0.276804668,0.156045229,0.137541131,0.208107086,0.448053106,0.241377454,0.208526051,0.208548364,0.21303253,0.208910922,0.207857626,0.171034998,0.153141752,0.083719156,0.090180268,0.23642705,0.13884107,0.166573176,0.300617134,0.322278868,0.158729349,0.024908106,0.192386573,0.212954598,0.22901864,0.210711633,0.207522376,0.207875811,0.225140347,0.207943319,0.207038317,0.153347542,0.130593249,0.082401711,0.093662858,0.150010988,0.131013172,0.309349867,0.165810377,0.176018881,0.882920766,0.996636682,0.410280631,0.483392461,0.047995469,0.095599958,0.210906232,0.236209229,0.208456002,0.213364068,0.211641163,0.212272874,0.207323554,0.207111804,0.129923704,0.081217175,0.081629186,0.091835096,0.088533458,0.110937843,0.152929461,0.103429415,0.135011658,0.27540045,0.288590646,0.166766638,0.259284829,0.062339706,0.051762455,0.209193646,0.239947809,0.211904966,0.237267449,0.209563763,0.208428855,0.207299391,0.207644563,0.177799121,0.081283393,0.081857487,0.083401618,0.083171769,0.052225452,0.096429291,0.094991262,0.082609107,0.091202862,0.095966967,0.096534879,0.092959927,0.096807714,0.212912771,0.193740877,0.223265428,0.224092608,0.22260484,0.213666587,0.207118903,0.207678088,0.145760607,0.080947771,0.081099874,0.083629075,0.08298356,0.088282191,0.082062651,0.083889693,0.08228262,0.081068958,0.096024131,0.207872976,0.125016896,0.207971022,0.288187234,0.229197917,0.209902655,0.20775248,0.207517142,0.166133992,0.080884767,0.08139068,0.081415122,0.081581346,0.081604257,0.081048901,0.081045789,0.081033943
0.129480417,0.150672541,0.13215725,0.144808984,0.15080395,0.129141446,0.129399856,0.139126467,0.335966592,0.116092116,0.148786501,0.14852776,0.129705106,0.133365176,0.139252083,0.208555668,0.212336338,0.170816367,0.155266154,0.157324126,0.14623162,0.200358989,0.276636143,0.164444269,0.32758158,0.179017038,0.293586608,0.228682537,0.137028119,0.207171372,0.961788382,0.246793098,0.410553741,0.219409387,0.21347505,0.217753918,0.169900547,0.145510703,0.111327541,0.404590701,0.178783155,0.173415192,0.199507183,0.617493149,0.277297349,0.199974916,0.131877568,0.207449609,0.4180349,0.16921305,0.209741243,0.215204378,0.210241992,0.214656603,0.211562201,0.1624512,0.140293434,0.303631222,0.248585073,0.373393353,0.283590168,0.155313437,0.546495591,0.460882256,0.377124651,0.140999253,0.12975508,0.005883332,0.8592251,0.208878441,0.342713788,0.211342744,0.208135024,0.20816516,0.210543002,0.152019308,0.122419856,0.145597529,0.226282291,0.225756256,0.313015085,0.355380787,0.187086264,0.191600517,0.282501827,0.157589198,0.137557384,0.208161509,0.482168636,0.242987934,0.208547537,0.208571815,0.213243236,0.208990423,0.207863127,0.166282312,0.153306124,0.083799786,0.090917014,0.238388588,0.142496914,0.176010473,0.310893965,0.325977089,0.161442933,0.021522418,0.1965907,0.213481167,0.231152567,0.210949802,0.207496903,0.207856868,0.226335449,0.207948146,0.206997152,0.151869928,0.130813137,0.082502922,0.093876352,0.155777595,0.133833243,0.325603088,0.173840877,0.180300578,0.890645344,0.998132665,0.439217867,0.479461677,0.044801589,0.095540497,0.211430517,0.240056095,0.208480571,0.213551922,0.21218147,0.213841396,0.207320131,0.207091388,0.129934504,0.081251245,0.081643812,0.092258365,0.088918123,0.112936918,0.155076774,0.095645366,0.13756281,0.278534563,0.29905264,0.177032922,0.269847393,0.05901678,0.049052462,0.209358368,0.244435045,0.212816675,0.240950481,0.20991346,0.208550179,0.207281616,0.207712185,0.177780769,0.081287417,0.081859924,0.083512139,0.083256789,0.050184863,0.096606821,0.094887352,0.082664824,0.091647695,0.095967295,0.096572169,0.092749459,0.09680711,0.213240613,0.194094026,0.227475122,0.226508924,0.223754618,0.214115518,0.207120686,0.207744062,0.145785345,0.0809401,0.081112498,0.084136133,0.083104186,0.088419266,0.08211124,0.083938567,0.082297313,0.081070221,0.096025719,0.207887448,0.120470777,0.208354633,0.297335969,0.230845479,0.209981862,0.207765872,0.207524889,0.166138527,0.0808729,0.081437587,0.081500432,0.081604173,0.081602088,0.081048871,0.081046029,0.08103399
0.129534548,0.152618734,0.132428361,0.146197637,0.154220896,0.129143174,0.129418491,0.140764467,0.341678681,0.112487204,0.152084499,0.149172109,0.129737628,0.133746929,0.140351837,0.208733556,0.212979145,0.171788042,0.155361572,0.157768957,0.147574911,0.203961348,0.289769592,0.167151457,0.346905215,0.181702672,0.307244394,0.2339491,0.137451475,0.207137695,0.97844268,0.252012401,0.434579038,0.221329087,0.214246466,0.218648998,0.171978425,0.146704247,0.109056724,0.427600324,0.181972664,0.176218191,0.202649727,0.626421251,0.286900349,0.202984806,0.131979907,0.20744964,0.427773444,0.167991351,0.209907105,0.215884531,0.210522098,0.215758593,0.211896699,0.162978108,0.140963774,0.319438659,0.260599983,0.391886873,0.290070611,0.156073144,0.556529987,0.482529414,0.378827917,0.14191189,0.129770135,0.004416786,0.886448723,0.208890414,0.34487003,0.211517008,0.208177343,0.208218233,0.210814182,0.152168879,0.122580256,0.149326114,0.236135421,0.234067851,0.327847922,0.371957994,0.191246293,0.196156711,0.291843605,0.158871144,0.137457643,0.208225225,0.518252824,0.244610536,0.208566338,0.208590353,0.213406512,0.209046254,0.207855295,0.161876691,0.153477146,0.083915105,0.09196719,0.241375759,0.146027005,0.186994385,0.325754959,0.329884991,0.163819382,0.018680688,0.199683276,0.214109137,0.234052982,0.211276109,0.207470578,0.207837037,0.22617375,0.207912823,0.206960077,0.150778938,0.131044938,0.082632048,0.094411787,0.161597676,0.137016161,0.345139719,0.181836922,0.185802227,0.898271365,0.998735873,0.471847615,0.476818791,0.041672898,0.095491892,0.211903271,0.244331684,0.208506419,0.213691244,0.212571203,0.215053784,0.207302874,0.207068934,0.129940358,0.081292913,0.081661224,0.092784778,0.089363431,0.115094195,0.157584457,0.087847282,0.139927512,0.279795469,0.312061619,0.187137751,0.278832477,0.056124623,0.046293632,0.209496155,0.24897237,0.213375986,0.243178415,0.210079875,0.208639658,0.207258331,0.207808633,0.177756906,0.081293693,0.081861549,0.083644533,0.083385562,0.048260504,0.096876671,0.094780449,0.082703212,0.092170148,0.095968263,0.09668053,0.092568822,0.096829763,0.21351341,0.193536649,0.229881156,0.227833773,0.224465208,0.214372227,0.207101075,0.207814546,0.145809162,0.080930938,0.081120484,0.084656281,0.083244331,0.088571984,0.082153116,0.0839774,0.082314314,0.081071777,0.09602902,0.207903308,0.115949059,0.208563915,0.305817942,0.232300385,0.210032972,0.207781804,0.207536096,0.166145097,0.080855713,0.081477338,0.081571362,0.081626294,0.081600271,0.081048743,0.081046247,0.081034029
0.129618684,0.155928746,0.132876484,0.148717179,0.158506793,0.129144635,0.129438681,0.14261474,0.35121556,0.110604996,0.156330221,0.150107473,0.129775598,0.134109319,0.141409065,0.208884186,0.213413984,0.172886801,0.15546873,0.158165524,0.148951402,0.20867374,0.30558486,0.170308379,0.369421409,0.184901645,0.320893235,0.239177754,0.137838472,0.207110854,0.989109709,0.257519119,0.459558767,0.222996977,0.21494016,0.219541854,0.173997176,0.148007335,0.10873694,0.456890288,0.185697712,0.179865437,0.206251523,0.635074395,0.29980258,0.205946091,0.132047777,0.207449715,0.437820318,0.167574841,0.209952932,0.216495551,0.210785051,0.216665661,0.212158021,0.163664671,0.141805184,0.338891477,0.274740723,0.414611706,0.29865322,0.15803454,0.570746492,0.505536143,0.383024434,0.142551838,0.129778686,0.003316027,0.909243316,0.208908549,0.347194604,0.211675206,0.208230462,0.208275532,0.211119424,0.152374267,0.12285598,0.154400326,0.249442697,0.244145922,0.343634154,0.391542412,0.196952568,0.203330004,0.304202669,0.159997203,0.137304368,0.208293165,0.556899738,0.246778437,0.208585328,0.20861195,0.213577738,0.209111506,0.207854415,0.156734314,0.153701343,0.084141284,0.093519123,0.246916343,0.150578485,0.20150983,0.348168174,0.334865884,0.16647016,0.016397043,0.204089214,0.214785378,0.237208046,0.211614889,0.20744598,0.207820322,0.226201906,0.20787001,0.206924719,0.149868976,0.131324081,0.082824419,0.095263543,0.168129472,0.140869221,0.36923129,0.192736026,0.194950877,0.907545495,0.99917653,0.510431209,0.482572236,0.038857884,0.095499683,0.21241153,0.248578936,0.208537992,0.213823905,0.212911374,0.215920756,0.207286296,0.207051928,0.129946349,0.08133976,0.081684714,0.093298583,0.089988198,0.117707844,0.160826613,0.082167451,0.144252816,0.283375781,0.326040762,0.200787978,0.288357031,0.053631867,0.04398056,0.209627343,0.253650917,0.213905557,0.245304949,0.210213665,0.208710199,0.207237495,0.207919024,0.177726258,0.081304863,0.081864353,0.083798942,0.083623096,0.046645167,0.097311275,0.094769471,0.082779835,0.092717175,0.095969942,0.096850827,0.092451518,0.096894173,0.213798331,0.192981256,0.232251085,0.229139212,0.225168297,0.214608403,0.207092111,0.207891594,0.145826767,0.080922407,0.08114031,0.085310415,0.083498772,0.088781763,0.082209336,0.084024438,0.082334426,0.081073347,0.09603313,0.207919155,0.11163226,0.208761729,0.314998363,0.233922942,0.21010824,0.207804075,0.207550462,0.166154952,0.080839209,0.08153187,0.081669976,0.081670514,0.081605753,0.081048665,0.081046464,0.08103409
0.129733678,0.160321579,0.133482017,0.152364503,0.162588436,0.129144889,0.12945244,0.144209011,0.365109118,0.111200356,0.161549365,0.150880142,0.129805291,0.134413243,0.142263242,0.209001286,0.213836232,0.173966788,0.155570662,0.15830556,0.150061064,0.214164355,0.321488413,0.173223427,0.392305863,0.187711895,0.332248446,0.244482873,0.138112924,0.207089857,0.995301975,0.263308089,0.484892688,0.224607171,0.215662475,0.220452839,0.175505435,0.149310197,0.11044693,0.486724897,0.189169376,0.183377636,0.209777879,0.641388937,0.313013268,0.208086276,0.132080371,0.20744983,0.451068313,0.171712559,0.210065234,0.217277738,0.211106083,0.217665195,0.212411732,0.164456866,0.142845276,0.361262636,0.289113991,0.436266643,0.307049576,0.160620642,0.587507108,0.526668813,0.388581549,0.142880249,0.129781653,0.002561498,0.930494395,0.208954631,0.351011957,0.211910724,0.208335762,0.208371502,0.211457718,0.152629248,0.123264217,0.159837488,0.264956915,0.253966888,0.35611549,0.409931296,0.202824227,0.211727261,0.316630586,0.160903335,0.137113998,0.20835592,0.585672142,0.252670342,0.208625981,0.208647006,0.21383829,0.20922514,0.207885355,0.151647544,0.153936009,0.08438487,0.095243302,0.254356199,0.15514625,0.217069706,0.376441731,0.340406323,0.168575502,0.014379945,0.209556148,0.215429526,0.24074583,0.211995183,0.207439614,0.207820113,0.228570777,0.207891392,0.206889637,0.149244877,0.131610151,0.083029017,0.096249765,0.174325759,0.144504436,0.395129078,0.206076267,0.206772183,0.916475162,0.999463701,0.538942677,0.489524391,0.036136551,0.095555165,0.212890092,0.253152115,0.208607738,0.214051256,0.213303844,0.216412605,0.207282982,0.207042926,0.129942395,0.081371027,0.081712656,0.093817329,0.090621939,0.119920514,0.165482305,0.077675196,0.149934647,0.28704374,0.339450639,0.208426942,0.293991805,0.051627073,0.041776546,0.209757978,0.255811053,0.214354698,0.246838535,0.210301177,0.208744735,0.207217988,0.208013579,0.177693561,0.081312888,0.081871047,0.083975343,0.083875827,0.045130754,0.097915855,0.094895775,0.082902188,0.093247189,0.095971592,0.097005639,0.092322788,0.096990884,0.21415423,0.192303103,0.234439557,0.230008617,0.225822628,0.214752784,0.207087446,0.207944226,0.145848511,0.080913349,0.081167886,0.08585306,0.083733649,0.089028819,0.082299723,0.084089966,0.082362389,0.08107494,0.096037237,0.20793954,0.10808057,0.209020403,0.325486154,0.235721469,0.210209153,0.207825903,0.207566396,0.166170029,0.080823755,0.081590774,0.081762567,0.081722082,0.081619402,0.081048827,0.081046766,0.081034162
0.12984853,0.164976821,0.134076754,0.156441192,0.165895416,0.129143727,0.129461923,0.145549121,0.376921039,0.109009524,0.165707617,0.151680912,0.129830535,0.13472209,0.143068746,0.209041091,0.21410886,0.174682919,0.15562428,0.158277592,0.150937598,0.217859361,0.333592451,0.175571114,0.413096832,0.190556057,0.343047453,0.248948129,0.138346922,0.207040269,0.997772565,0.266409479,0.501422241,0.225709495,0.216101892,0.221016792,0.176607858,0.150427609,0.109940579,0.509070893,0.191903636,0.186575646,0.212263035,0.646151236,0.326708582,0.20951105,0.132096029,0.207449942,0.460041537,0.170739063,0.210039312,0.217813052,0.211288746,0.218126656,0.212436792,0.165083375,0.143803919,0.38481583,0.301755913,0.454954289,0.314962911,0.163235361,0.603406659,0.541560633,0.393523707,0.143089334,0.129782376,0.002135791,0.945703263,0.20898061,0.353777936,0.212040538,0.208410084,0.208419374,0.211816433,0.152870084,0.123655859,0.164632403,0.278619347,0.262589124,0.366599519,0.428003888,0.208818046,0.219968106,0.330456718,0.161424704,0.13688886,0.208433306,0.614491406,0.25634337,0.208649712,0.208668133,0.214061994,0.20931551,0.207870773,0.146543078,0.154114089,0.084601162,0.096986482,0.262030782,0.160089241,0.234631664,0.409790522,0.344872052,0.170317975,0.012912138,0.216934652,0.216206584,0.243619939,0.212360472,0.207427901,0.207807484,0.23060326,0.207906792,0.206855958,0.148441802,0.131830958,0.083205933,0.097220716,0.18054557,0.148118877,0.421684535,0.220572483,0.230631476,0.923760495,0.99963598,0.558287976,0.479938662,0.033525466,0.095586172,0.213359141,0.257613274,0.208661861,0.21420751,0.213590794,0.21690382,0.207282927,0.207039217,0.129932798,0.081396628,0.081739847,0.094266497,0.091270551,0.122333926,0.171517768,0.075817558,0.162824024,0.290155462,0.352252163,0.210021131,0.296827899,0.049788917,0.039655734,0.209922744,0.258195548,0.214664336,0.247934223,0.210337373,0.20879362,0.20720033,0.208120009,0.177658285,0.081323749,0.081877996,0.084142866,0.084162587,0.04403822,0.098898228,0.095188939,0.083072374,0.093758411,0.095973302,0.097178958,0.092165536,0.097151643,0.214680634,0.192165546,0.236019514,0.23056241,0.226492933,0.214867565,0.207078461,0.207998019,0.145868963,0.080904814,0.081186899,0.086224559,0.083949194,0.089308193,0.082433179,0.084183346,0.082400471,0.081076486,0.096042602,0.207971287,0.10446189,0.209311856,0.337899335,0.237829483,0.210383284,0.207855923,0.207582142,0.16618274,0.080810039,0.081637127,0.081837024,0.081770922,0.081637708,0.081049043,0.081047084,0.081034229
0.129939349,0.168413712,0.134574794,0.159445618,0.168798972,0.129142416,0.129468795,0.146625466,0.388466304,0.10600226,0.169084918,0.153140407,0.129876826,0.134989061,0.143704672,0.209075394,0.21435422,0.175162658,0.155654539,0.158225213,0.151986457,0.221634277,0.343489295,0.177596096,0.433730616,0.19357764,0.353823979,0.253665811,0.138609041,0.206977288,0.99830172,0.268998027,0.514289158,0.22650299,0.216454072,0.221420639,0.177520231,0.151538528,0.109411266,0.528644753,0.194869212,0.191127843,0.216080481,0.649785196,0.341219578,0.211031129,0.132116655,0.207449993,0.464908719,0.168041585,0.210000664,0.21829742,0.21146071,0.218259211,0.212416946,0.165466516,0.144763039,0.413073326,0.314169223,0.473728797,0.324205236,0.165758133,0.618925941,0.556368961,0.400046209,0.143211293,0.12978357,0.001783427,0.954930339,0.209002375,0.355728464,0.212174704,0.208498553,0.208472047,0.212171298,0.153081095,0.124006459,0.169521091,0.293009179,0.271533284,0.376427868,0.446255418,0.215358001,0.227552167,0.340151676,0.162344414,0.136717538,0.208497865,0.633495812,0.259593588,0.208668933,0.208688363,0.214315018,0.209439996,0.207893903,0.141493066,0.154288579,0.084794322,0.09857335,0.269628492,0.165474975,0.255069253,0.446645411,0.349292843,0.172706854,0.011794392,0.226878633,0.216907398,0.246640018,0.212697449,0.207413894,0.207791336,0.233142099,0.208012423,0.206825042,0.147899905,0.132060089,0.083399177,0.098131247,0.187572347,0.152264348,0.44821341,0.238688409,0.268384989,0.931387597,0.999769777,0.578992932,0.470023045,0.031197085,0.095608769,0.213880482,0.263620257,0.208758141,0.21447212,0.213911152,0.217543853,0.207303099,0.207043662,0.129924245,0.081424225,0.081769938,0.094743972,0.091961112,0.125547738,0.179529125,0.07779544,0.18186786,0.295605759,0.362035336,0.211632347,0.29922002,0.048719288,0.037798772,0.21030837,0.261732322,0.215442228,0.25041137,0.210419059,0.208838396,0.207183924,0.208188648,0.177626555,0.081336493,0.081889618,0.084339528,0.084576912,0.043188726,0.100129671,0.095622124,0.083350019,0.094134619,0.095974971,0.097332606,0.091972952,0.097273169,0.215533336,0.19541521,0.240102407,0.231931607,0.227448046,0.214982846,0.207064363,0.208038522,0.145893247,0.080898035,0.081213555,0.086547542,0.084175689,0.08949585,0.082576636,0.084280849,0.082428899,0.081077463,0.096046565,0.208027818,0.101653041,0.21000388,0.352346814,0.240191238,0.210571711,0.207888877,0.207597971,0.166198413,0.080801184,0.08168935,0.081924027,0.081835403,0.081658958,0.081049198,0.081047382,0.081034314
0.1300331,0.17199963,0.135092386,0.162022515,0.171563431,0.129141106,0.129474867,0.147662857,0.398735301,0.102600581,0.171702021,0.154709613,0.12993055,0.135272137,0.144331643,0.209092612,0.214422868,0.175390428,0.155671102,0.15819258,0.153073334,0.224592281,0.351572167,0.179201942,0.450099012,0.196185832,0.366304215,0.259340779,0.138886315,0.206910526,0.998409496,0.270514095,0.521466989,0.226881536,0.216686987,0.22166597,0.178268993,0.152606548,0.10747931,0.543664485,0.197383444,0.196088787,0.220762889,0.654151239,0.357007055,0.212705664,0.132135179,0.207449963,0.467713508,0.163855705,0.209961508,0.218523049,0.211548538,0.218040693,0.212357384,0.165636488,0.145549262,0.435990414,0.323869022,0.489010855,0.333709433,0.167603669,0.636473991,0.571249201,0.40726722,0.143354587,0.12978468,0.001471978,0.962578635,0.209012171,0.356393014,0.212227571,0.208544935,0.208450766,0.212402298,0.153227227,0.124241378,0.173047979,0.306601699,0.278986319,0.384438191,0.461124716,0.221492139,0.234936404,0.347698814,0.164520112,0.136555975,0.208561112,0.649144765,0.262246467,0.208682919,0.208701347,0.21449338,0.209523288,0.207826652,0.137262688,0.154397823,0.084926818,0.099805772,0.275818811,0.169927987,0.273141631,0.477981595,0.352976243,0.174629104,0.010716464,0.234159197,0.217572718,0.249379834,0.213039069,0.207398299,0.207765965,0.234607191,0.208077325,0.20679048,0.14678307,0.132223681,0.083548492,0.09885481,0.192832751,0.155728801,0.470033419,0.255619492,0.304865706,0.93706777,0.999835388,0.596440051,0.447709559,0.028976016,0.095569435,0.214384775,0.269777701,0.208856812,0.214745038,0.214199984,0.218117253,0.207311913,0.207041415,0.129912362,0.081449175,0.081798629,0.095134328,0.09249679,0.128209553,0.188163623,0.079954029,0.199884005,0.298617339,0.369421543,0.212774914,0.300855516,0.047082326,0.035852355,0.210751888,0.265107192,0.216286836,0.252864312,0.210486155,0.20888033,0.20716444,0.208241807,0.177593282,0.081344444,0.081903526,0.084479017,0.084893006,0.042444487,0.101437531,0.096143398,0.08363874,0.094400513,0.095976354,0.097442919,0.091744971,0.097335359,0.216422055,0.198976785,0.24473733,0.233245037,0.228322551,0.215087121,0.207039882,0.208064979,0.145918212,0.08088915,0.081236297,0.086797446,0.084321788,0.089609738,0.082713482,0.08438925,0.082452564,0.081078075,0.096049378,0.208090625,0.099320989,0.210809428,0.367072213,0.242399436,0.210734563,0.207917847,0.207612934,0.166210676,0.080792482,0.081740503,0.082002098,0.081880807,0.081673211,0.081049175,0.081047655,0.081034387
0.130120911,0.175168779,0.135605831,0.164087831,0.174870497,0.129140096,0.129481445,0.148704294,0.406952427,0.097552955,0.173593796,0.156989304,0.130018405,0.135627812,0.145127285,0.209107777,0.214462747,0.175603698,0.155697103,0.158229248,0.154290171,0.226152354,0.358375387,0.180597562,0.46530333,0.199400069,0.382492738,0.266021785,0.139267254,0.206855555,0.998328745,0.271655952,0.52664201,0.227160039,0.216856566,0.221878218,0.179224568,0.15376871,0.103372458,0.559668821,0.200031153,0.203458724,0.228645654,0.660559619,0.378742841,0.214922032,0.132164623,0.207449853,0.467457641,0.156757395,0.209922595,0.218606113,0.211582938,0.217753291,0.212308714,0.165705278,0.146253422,0.457424435,0.332252852,0.506687566,0.346765944,0.169397548,0.657369061,0.58777937,0.41924214,0.143879784,0.129786793,0.001276383,0.966656575,0.209005952,0.355959541,0.212223524,0.208551087,0.208379064,0.212516118,0.15331265,0.124427284,0.176151152,0.320510682,0.286495936,0.392777752,0.473689173,0.229145993,0.243911061,0.355614176,0.168602737,0.136472234,0.208597145,0.658215176,0.261425069,0.208682121,0.208701943,0.214529855,0.20953964,0.207712656,0.134368495,0.154434127,0.085042941,0.10091375,0.281850252,0.174293814,0.290281781,0.514706862,0.356470768,0.176515623,0.009771125,0.239147478,0.217951045,0.250455036,0.213142242,0.207384471,0.207747084,0.233469793,0.208026511,0.206780429,0.144941269,0.132268818,0.083601409,0.099423774,0.196933785,0.158738845,0.488890305,0.273544402,0.34621704,0.941339389,0.99987596,0.613419736,0.424757448,0.026950733,0.095517337,0.214764331,0.27252245,0.208892553,0.214792672,0.21419408,0.218161387,0.207286968,0.207035956,0.129908889,0.081451212,0.081808194,0.095328907,0.092932294,0.130220749,0.1956021,0.08009196,0.218129153,0.299363313,0.371914984,0.213395598,0.302817984,0.044749441,0.03409232,0.211040649,0.266914635,0.216889821,0.254683262,0.210456748,0.208873874,0.207160205,0.208243068,0.177578604,0.081333137,0.081904095,0.084534074,0.085072479,0.041524083,0.102635626,0.096561571,0.08382933,0.094487547,0.095977662,0.097552912,0.091519184,0.097409697,0.216966187,0.19892376,0.247435853,0.234174681,0.229030291,0.21514073,0.207034119,0.208056323,0.145922195,0.080877423,0.081229915,0.086942068,0.084369319,0.089639115,0.08280515,0.084479742,0.082466947,0.081078153,0.09605186,0.20812547,0.095710763,0.211176622,0.376710469,0.244141082,0.210815465,0.207924999,0.207613588,0.166207037,0.080780245,0.081753929,0.082033867,0.081904328,0.081677854,0.081049009,0.081047849,0.081034434
0.130216679,0.17880791,0.13618221,0.166062574,0.178665993,0.12913878,0.129487211,0.149715746,0.418511952,0.093329701,0.176256979,0.160668672,0.130151132,0.136031778,0.145885828,0.209122979,0.214545843,0.175735284,0.155717805,0.158224394,0.155715777,0.228232891,0.367411494,0.182297272,0.484307039,0.202664095,0.398180832,0.272870139,0.139656753,0.206798339,0.998141826,0.272731714,0.531647438,0.227425992,0.217040159,0.222081627,0.180196525,0.155042201,0.099883966,0.584589912,0.203389989,0.215549824,0.240542432,0.668333731,0.404511421,0.217405127,0.132203984,0.207449703,0.466416569,0.15033358,0.209884651,0.218702739,0.211625188,0.217532842,0.212273415,0.165731462,0.146973695,0.481750052,0.34100239,0.528281522,0.364072807,0.171307403,0.67636221,0.607187909,0.433982711,0.144778623,0.129790758,0.001066596,0.968954848,0.209001862,0.355473635,0.212221032,0.208563754,0.20831947,0.212601276,0.153390574,0.124608937,0.178992121,0.336900562,0.294875532,0.401728021,0.484107905,0.237045334,0.253220534,0.362448827,0.174688737,0.136543396,0.208609324,0.654694526,0.260569139,0.208681522,0.20870292,0.214556661,0.209559074,0.207597985,0.13169457,0.154469295,0.08517535,0.101983044,0.290341696,0.178799019,0.307524993,0.546931572,0.359821732,0.178270837,0.008872143,0.244529477,0.218129918,0.251895178,0.213290137,0.207368764,0.20772892,0.232532361,0.20797947,0.206770818,0.143013622,0.132316997,0.083660816,0.099976204,0.200980633,0.161831005,0.506694554,0.295561456,0.377876319,0.945786641,0.999909574,0.630552703,0.407709205,0.024985245,0.095477426,0.215141679,0.276922403,0.208985525,0.214932754,0.214218932,0.21825155,0.207263447,0.207029409,0.12990469,0.081452829,0.081816732,0.09548543,0.09333794,0.132167631,0.203676804,0.080589718,0.232535891,0.300702425,0.374426675,0.21393798,0.305628944,0.042599288,0.03230412,0.211526805,0.269287666,0.217780299,0.257315676,0.210443822,0.208866001,0.207157122,0.208244245,0.17756237,0.08132012,0.08190342,0.084572487,0.085207052,0.040403296,0.103983463,0.097124154,0.084084712,0.094578753,0.095979086,0.097653315,0.091298439,0.097519029,0.217623412,0.200346139,0.252501312,0.235713098,0.229679501,0.215146404,0.207028209,0.208044886,0.145925127,0.080865092,0.081220963,0.087083275,0.08441093,0.089645735,0.082889432,0.084576079,0.082473536,0.081078202,0.096053796,0.208182333,0.092637804,0.21199711,0.387730561,0.245874494,0.21085729,0.207927158,0.207613829,0.16620299,0.080766363,0.081767466,0.08206756,0.081926419,0.081682222,0.081048833,0.081048051,0.081034489
